species;source;insularity;min_foraging_flock;max_foraging_flock;extreme_foraging_flock;communal_roost;immature_foraging_flock;breeding_flock;min_n_eggs;max_n_eggs;incubation_days;fledging_days;nestling_period_days;fed_by_parent_months;fledging_period_days;foraging_flock_size;habitat;sexually_different_marking;diet;nesting;flocking;first_repdroduction;notes
Agapornis canus;Handbook of the Birds of the World;;;;;;;;3;6;23;;;;43;;;yes;fruits and seeds;tree holes;;;
Agapornis fischeri;Handbook of the Birds of the World;;;;;;;;3;8;23;;38;;;;;no;granivorous and fruits;tree holes;;;
Agapornis lilianae;Handbook of the Birds of the World;;;;;;;;;;;;;;;;;;;;;;
Agapornis nigrigenis;Handbook of the Birds of the World;;;;;;;;3;8;24;;41;;;;;no;seeds and leaves;tree;;;
Agapornis personatus;Handbook of the Birds of the World;;;;;;;;3;8;23;;44;;;;;no;;tree holes;;;
Agapornis pullarius;Handbook of the Birds of the World;;;;;;;;3;7;22;;42;;;;;yes;fruits and seeds;ant nest tree;;;
Agapornis roseicollis;Handbook of the Birds of the World;;;;;;;;4;6;23;43;;;;;;no;seeds, flowers, plants;rock crevises and nests;yes;;
Agapornis taranta;Handbook of the Birds of the World;;;;;;;;5;5;25;;49;;;;;yes;seeds, berries, fruits;tree, walls, nests;;;
Alisterus amboinensis;Handbook of the Birds of the World;;;;;;;;2;2;19;;63;;;;;;buds, seeds, fruits, berries, acorns, grain;tree holes;;;
Alisterus chloropterus;Handbook of the Birds of the World;;;;;;;;;;;;;;;;;yes;berries, seeds, fruit;;;;
Alisterus scapularis;Handbook of the Birds of the World;;;;;;;;3;6;20;;35;;;;;yes;seeds, fruits, berries, blossoms, buds, grain, acorns;tree holes;;;
Amazona aestiva;;;;;;;;;;;;;;;;;;;;;;;
Amazona albifrons;Handbook of the Birds of the World;;;;;;;;3;5;24;;;;;;;;;;;;
Amazona amazonica;;;;;;;;;;;;;;;;;;;;;;;
Amazona auropalliata;;;;;;;;;;;;;;;;;;;;;;;
Amazona autumnalis;;;;;;;;;;;;;;;;;;;;;;;
Amazona barbadensis;;;;;;;;;;;;;;;;;;;;;;;
Amazona brasiliensis;;;;;;;;;;;;;;;;;;;;;;;
Amazona collaria;Handbook of the Birds of the World;;;;;;;;3;4;24,5;;70;;;;;;;;;;
Amazona farinosa;;;;;;;;;;;;;;;;;;;;;;;
Amazona festiva;;;;;;;;;;;;;;;;;;;;;;;
Amazona finschi;;;;;;;;;;;;;;;;;;;;;;;
Amazona leucocephala;Handbook of the Birds of the World;;;;;;;;2;6;27;;58;;;;;;;;;;
Amazona ochrocephala;;;;;;;;;;;;;;;;;;;;;;;
Amazona oratrix;;;;;;;;;;;;;;;;;;;;;;;
Amazona pretrei;;;;;;;;;;;;;;;;;;;;;;;
Amazona rhodocorytha;;;;;;;;;;;;;;;;;;;;;;;
Amazona tucumana;;;;;;;;;;;;;;;;;;;;;;;
Amazona ventralis;Handbook of the Birds of the World;;;;;;;;2;4;25;;56;;;;;;;;;;
Amazona vinacea;;;;;;;;;;;;;;;;;;;;;;;
Amazona viridigenalis;;;;;;;;;;;;;;;;;;;;;;;
Amazona vittata;Handbook of the Birds of the World;;;;;;;;2;4;26;;63;;;;;;;;;;
Amazona xanthops;;;;;;;;;;;;;;;;;;;;;;;
Anodorhynchus hyacinthinus;Handbook of the Birds of the World;;;;;;;;2;2;28,5;;107,5;;;;;;;;;;
Anodorhynchus leari;Handbook of the Birds of the World;;;;;;;;;;;;;;;;;;;;;;
Aprosmictus erythropterus;Handbook of the Birds of the World;;;;;;;;3;5;21;;35;;;;;;;;;;
Ara ambiguus;Handbook of the Birds of the World;;;;;;;;2;3;29;;77;;;;;;;;;;
Ara ararauna;Handbook of the Birds of the World;;;;;;;;1;3;;;;;;;;;;;;;
Ara chloropterus;Handbook of the Birds of the World;;;;;;;;2;3;;;;;;;;;;;;;
Ara glaucogularis;Handbook of the Birds of the World;;;;;;;;2;3;27;;92;;;;;;;;;;
Ara macao;Handbook of the Birds of the World;;;;;;;;1;4;26;;98;;;;;;;;;;
Ara militaris;Handbook of the Birds of the World;;;;;;;;2;3;;;;;;;;;;;;;
Ara rubrogenys;Handbook of the Birds of the World;;;;;;;;1;3;26;;71,5;;;;;;;;;;
Ara severus;Handbook of the Birds of the World;;;;;;;;2;2;28;;;;;;;;;;;;
Aratinga acuticaudata;Handbook of the Birds of the World;;;;;;;;2;2;23;;50;;;;;;;;;;
Aratinga aurea;Handbook of the Birds of the World;;;;;;;;2;4;23;;48;;;;;;;;;;
Aratinga auricapillus;Handbook of the Birds of the World;;;;;;;;;;;;;;;;;;;;;;
Aratinga canicularis;Handbook of the Birds of the World;;;;;;;;;;;;;;;;;;;;;;
Aratinga holochlora;Handbook of the Birds of the World;;;;;;;;4;4;23;;50;;;;;;;;;;
Aratinga jandaya;Handbook of the Birds of the World;;;;;;;;3;3;26;;56;;;;;;;;;;
Aratinga leucophthalma;Handbook of the Birds of the World;;;;;;;;3;4;28;;63;;;;;;;;;;
Aratinga mitrata;Handbook of the Birds of the World;;;;;;;;;;;;;;;;;;;;;;
Aratinga pertinax;Handbook of the Birds of the World;;;;;;;;2;7;23;;36,5;;;;;;;;;;
Aratinga solstitialis;Handbook of the Birds of the World;;;;;;;;4;4;28;;56;;;;;;;;;;
Aratinga weddellii;Handbook of the Birds of the World;;;;;;;;3;4;23;;50;;;;;;;;;;
Barnardius zonarius;Handbook of the Birds of the World;;;;;;;;4;7;19;;35;;;;;;;;;;
Bolborhynchus lineola;Handbook of the Birds of the World;;;;;;;;;;18;;35;;;;;;;;;;
Brotogeris cyanoptera;Handbook of the Birds of the World;;;;;;;;5;5;24;;;;;;;;;;;;
Brotogeris tirica;Handbook of the Birds of the World;;;;;;;;4;4;26;;49;;;;;;;;;;
Brotogeris versicolurus;Handbook of the Birds of the World;;;;;;;;4;5;;;;;;;;;;;;;
Cacatua alba;Handbook of the Birds of the World;;;;;;;;2;3;27,5;;98;;;;;;;;;;
Cacatua ducorpsii;Handbook of the Birds of the World;;;;;;;;;;;;;;;;;;;;;;
Cacatua galerita;Handbook of the Birds of the World;;;;;;;;2;3;26;;73,5;;;;;;;;;;
Cacatua goffiniana;Handbook of the Birds of the World;;;;;;;;;;28;;70;;;;;;;;;;
Cacatua haematuropygia;Handbook of the Birds of the World;;;;;;;;2;3;28;;66,5;;;;;;;;;;
Cacatua leadbeateri;Handbook of the Birds of the World;;;;;;;;2;5;23,5;;57;3;;;;;;;;;
Cacatua moluccensis;Handbook of the Birds of the World;;;;;;;;2;2;28,5;;98;;;;;;;;;;
Cacatua ophthalmica;Handbook of the Birds of the World;;;;;;;;2;2;29;;87,5;;;;;;;;;;
Cacatua sanguinea;Handbook of the Birds of the World;;;;;;;;2;3;25;;49;;;;;;;;;;
Cacatua sulphurea;Handbook of the Birds of the World;;;;;;;;2;3;27;;70;;;;;;;;;;
Cacatua tenuirostris;Handbook of the Birds of the World;;;;;;;;2;3;24;;57,5;;;;;;;;;;
Callocephalon fimbriatum;Handbook of the Birds of the World;;;;;;;;2;2;28;;;;;;;;;;;;
Calyptorhynchus banksii;Handbook of the Birds of the World;;;;;;;;1;1;30;77;;;;;;;;;;;
Calyptorhynchus funereus;Handbook of the Birds of the World;;;;;;;;2;2;28,5;90;;;;;;;;;;;
Chalcopsitta atra;Handbook of the Birds of the World;;;;;;;;2;2;25;;75;;;;;;;;;;
Chalcopsitta duivenbodei;Handbook of the Birds of the World;;;;;;;;2;2;24;;;;;;;;;;;;
Chalcopsitta sintillata;Handbook of the Birds of the World;;;;;;;;;;;;;;;;;;;;;;
Charmosyna papou;Handbook of the Birds of the World;;;;;;;;2;2;21;;49;;;;;;;;;;
Charmosyna placentis;Handbook of the Birds of the World;;;;;;;;2;2;;;;;;;;;;;;;
Coracopsis nigra;Handbook of the Birds of the World;;;;;;;;2;3;18;;42;;;;;;;;;;
Coracopsis vasa;Handbook of the Birds of the World;;;;;;;;3;3;17;;47;;;;;;;;;;
Cyanoliseus patagonus;Handbook of the Birds of the World;;;;;;;;2;4;24,5;;56;;;;;;;;;;
Cyanopsitta spixii;;;;;;;;;;;;;;;;;;;;;;;
Cyanoramphus auriceps;Handbook of the Birds of the World;;;;;;;;5;9;;;;;;;;;;;;;
Cyanoramphus novaezelandiae;Handbook of the Birds of the World;;;;;;;;5;9;20;;38,5;;;;;;;;;;
Cyanoramphus unicolor;Handbook of the Birds of the World;;;;;;;;;;;;;;;;;;;;;;
Cyclopsitta diophthalma;Handbook of the Birds of the World;;;;;;;;2;2;18;;52;;;;;;;;;;
Deroptyus accipitrinus;;;;;;;;;;;;;;;;;;;;;;;
Diopsittaca nobilis;Handbook of the Birds of the World;;;;;;;;4;4;24;;60;;;;;;;;;;
Eclectus roratus;Handbook of the Birds of the World;;;;;;;;2;2;26;;84;;;;;;;;;;
Enicognathus leptorhynchus;Handbook of the Birds of the World;;;;;;;;2;6;;;;;;;;;;;;;
Eolophus roseicapilla;Handbook of the Birds of the World;;;;;;;;2;6;24;49;;;;;;;;;;;
Eos bornea;;;;;;;;;;;;;;;;;;;;;;;
Eos cyanogenia;Handbook of the Birds of the World;;;;;;;;2;2;26;;81;;;;;;;;;;
Eos histrio;Handbook of the Birds of the World;;;;;;;;2;2;;;;;;;;;;;;;
Eos reticulata;Handbook of the Birds of the World;;;;;;;;2;2;;;;;;;;;;;;;
Eos squamata;Handbook of the Birds of the World;;;;;;;;2;2;27;;80;;;;;;;;;;
Eunymphicus cornutus;Handbook of the Birds of the World;;;;;;;;2;4;21,5;;38,5;;;;;;;;;;
Forpus coelestis;Handbook of the Birds of the World;;;;;;;;4;6;17;;30;;;;;;;;;;
Forpus conspicillatus;Handbook of the Birds of the World;;;;;;;;1;6;;;;;;;;;;;;;
Forpus passerinus;Handbook of the Birds of the World;;;;;;;;2;11;14;;31,5;;;;;;;;;;
Forpus xanthopterygius;;;;;;;;;;;;;;;;;;;;;;;
Glossopsitta concinna;Handbook of the Birds of the World;;;;;;;;2;2;;;47,5;;;;;;;;;;
Glossopsitta porphyrocephala;Handbook of the Birds of the World;;;;;;;;3;4;22;;42;;;;;;;;;;
Glossopsitta pusilla;Handbook of the Birds of the World;;;;;;;;3;5;22;;42;;;;;;;;;;
Guaruba guarouba;Handbook of the Birds of the World;;;;;;;;2;3;30;;;;;;;;;;;;
Lathamus discolor;Handbook of the Birds of the World;;;;;;;;3;5;20;;70;;;;;;;;;;
Loriculus galgulus;Handbook of the Birds of the World;;;;;;;;3;3;;;35;;;;;;;;;;
Loriculus vernalis;Handbook of the Birds of the World;;;;;;;;2;4;22;;35;;;;;;;;;;
Lorius chlorocercus;Handbook of the Birds of the World;;;;;;;;;;;;;;;;;;;;;;
Lorius domicella;Handbook of the Birds of the World;;;;;;;;2;2;24;;90;;;;;;;;;;
Lorius garrulus;Handbook of the Birds of the World;;;;;;;;2;2;;;76;;;;;;;;;;
Lorius lory;Handbook of the Birds of the World;;;;;;;;2;2;24;;60;;;;;;;;;;
Melopsittacus undulatus;Handbook of the Birds of the World;;;;;;;;4;6;18;;30;;;;;;;;;;
Myiopsitta monachus;Handbook of the Birds of the World;;;;;;;;1;11;24;;42;;;;;;;;;;
Nandayus nenday;Handbook of the Birds of the World;;;;;;;;4;4;22;;56;;;;;;;;;;
Neophema chrysogaster;Handbook of the Birds of the World;;;;;;;;3;6;21;;35;;;;;;;;;;
Neophema chrysostoma;Handbook of the Birds of the World;;;;;;;;4;6;19;;30;;;;;;;;;;
Neophema elegans;Handbook of the Birds of the World;;;;;;;;4;5;18;;30;;;;;;;;;;
Neophema pulchella;Handbook of the Birds of the World;;;;;;;;4;5;20;;28;;;;;;;;;;
Neophema splendida;Handbook of the Birds of the World;;;;;;;;3;5;18;;30;;;;;;;;;;
Neopsephotus bourkii;Handbook of the Birds of the World;;;;;;;;3;6;18;;28;;;;;;;;;;
Nestor meridionalis;Handbook of the Birds of the World;;;;;;;;2;5;21;;66,5;4,5;;;;;;;;;
Nestor notabilis;Handbook of the Birds of the World;;;;;;;;2;4;24,5;;91;;;;;;;;;;
Nymphicus hollandicus;Handbook of the Birds of the World;;;;;;;;3;7;20;;35;;;;;;;;;;
Phigys solitarius;Handbook of the Birds of the World;;;;;;;;2;2;30;;63;;;;;;;;;;
Pionites leucogaster;Handbook of the Birds of the World;;;;;;;;2;2;;;;;;;;;;;;;
Pionites melanocephalus;Handbook of the Birds of the World;;;;;;;;2;2;;;;;;;;;;;;;
Pionopsitta pileata;Handbook of the Birds of the World;;;;;;;;2;2;24;;53;;;;;;;;;;
Pionus chalcopterus;Handbook of the Birds of the World;;;;;;;;2;2;26;;60;;;;;;;;;;
Pionus menstruus;Handbook of the Birds of the World;;;;;;;;4;4;26,5;;57,5;;;;;;;;;;
Pionus senilis;Handbook of the Birds of the World;;;;;;;;3;6;27;;61;;;;;;;;;;
Pionus tumultuosus;Handbook of the Birds of the World;;;;;;;;4;4;26;;;;;;;;;;;;
Platycercus adscitus;Handbook of the Birds of the World;;;;;;;;3;5;19;;35;;;;;;;;;;
Platycercus elegans;Handbook of the Birds of the World;;;;;;;;4;7;19;;35;;;;;;;;;;
Platycercus eximius;Handbook of the Birds of the World;;;;;;;;4;9;19;;35;;;;;;;;;;
Platycercus icterotis;Handbook of the Birds of the World;;;;;;;;3;7;19;;35;;;;;;;;;;
Platycercus venustus;Handbook of the Birds of the World;;;;;;;;2;4;19;;49;;;;;;;;;;
Poicephalus cryptoxanthus;Handbook of the Birds of the World;;;;;;;;2;3;28;;84;;;;;;;;;;
Poicephalus gulielmi;Handbook of the Birds of the World;;;;;;;;2;4;27;;;;;;;;;;;;
Poicephalus meyeri;Handbook of the Birds of the World;;;;;;;;2;4;30;;72;;;;;;;;;;
Poicephalus robustus;Handbook of the Birds of the World;;;;;;;;;;27;;66,5;;;;;;;;;;
Poicephalus rufiventris;Handbook of the Birds of the World;;;;;;;;;;;;;;;;;;;;;;
Poicephalus senegalus;Handbook of the Birds of the World;;;;;;;;2;4;25;;63;;;;;;;;;;
Polytelis alexandrae;Handbook of the Birds of the World;;;;;;;;4;6;21;;;;;;;;;;;;
Polytelis anthopeplus;Handbook of the Birds of the World;;;;;;;;4;6;21;;42;;;;;;;;;;
Polytelis swainsonii;Handbook of the Birds of the World;;;;;;;;4;6;20;;30;;;;;;;;;;
Primolius auricollis;;;;;;;;;;;;;;;;;;;;;;;
Primolius couloni;;;;;;;;;;;;;;;;;;;;;;;
Primolius maracana;;;;;;;;;;;;;;;;;;;;;;;
Probosciger aterrimus;Handbook of the Birds of the World;;;;;;;;1;1;33;;79,5;;;;;;;;;;
Psephotus chrysopterygius;Handbook of the Birds of the World;;;;;;;;3;6;20;;35;;;;;;;;;;
Psephotus dissimilis;Handbook of the Birds of the World;;;;;;;;4,3;4,3;;;;;;;;;;;;;
Psephotus haematonotus;Handbook of the Birds of the World;;;;;;;;4;8;19;;28;;;;;;;;;;
Psephotus varius;Handbook of the Birds of the World;;;;;;;;4;7;19;;28;;;;;;;;;;
Pseudeos fuscata;Handbook of the Birds of the World;;;;;;;;2;2;24;;70;;;;;;;;;;
Psittacula alexandri;Handbook of the Birds of the World;;;;;;;;3;4;28;;50;;;;;;;;;;
Psittacula columboides;Handbook of the Birds of the World;;;;;;;;4;5;23;;32;;;;;;;;;;
Psittacula cyanocephala;Handbook of the Birds of the World;;;;;;;;4;5;24;;42;;;;;;;;;;
Psittacula derbiana;Handbook of the Birds of the World;;;;;;;;;;;;;;;;;;;;;;
Psittacula eupatria;Handbook of the Birds of the World;;;;;;;;3;4;20;;;;;;;;;;;;
Psittacula krameri;Handbook of the Birds of the World;;;;;;;;3;4;22;;84;;;;;;;;;;
Psittaculirostris desmarestii;Handbook of the Birds of the World;;;;;;;;;;;;;;;;;;;;;;
Psittaculirostris edwardsii;Handbook of the Birds of the World;;;;;;;;;;;;;;;;;;;;;;
Psittacus erithacus;Handbook of the Birds of the World;;;;;;;;2;3;;;80;;;;;;;;;;
Psitteuteles goldiei;Handbook of the Birds of the World;;;;;;;;2;2;23;;60;;;;;;;;;;
Psitteuteles iris;Handbook of the Birds of the World;;;;;;;;2;2;23;;67;;;;;;;;;;
Psittrichas fulgidus;Handbook of the Birds of the World;;;;;;;;2;2;29;;;;;;;;;;;;
Purpureicephalus spurius;Handbook of the Birds of the World;;;;;;;;4;7;20;;35;;;;;;;;;;
Pyrrhura cruentata;Handbook of the Birds of the World;;;;;;;;2;4;23,5;;45;;;;;;;;;;
Pyrrhura frontalis;Handbook of the Birds of the World;;;;;;;;5;5;30;;45;;;;;;;;;;
Pyrrhura hoffmanni;Handbook of the Birds of the World;;;;;;;;6;6;24;;70;;;;;;;;;;
Pyrrhura leucotis;Handbook of the Birds of the World;;;;;;;;5;9;27;;35;;;;;;;;;;
Pyrrhura melanura;Handbook of the Birds of the World;;;;;;;;4;4;25;;52,5;;;;;;;;;;
Pyrrhura molinae;Handbook of the Birds of the World;;;;;;;;3;3;23;;49;;;;;;;;;;
Pyrrhura perlata;Handbook of the Birds of the World;;;;;;;;3;6;25;;53,5;;;;;;;;;;
Pyrrhura picta;Handbook of the Birds of the World;;;;;;;;4;5;;;;;;;;;;;;;
Pyrrhura rhodocephala;Handbook of the Birds of the World;;;;;;;;;;;;;;;;;;;;;;
Pyrrhura rupicola;Handbook of the Birds of the World;;;;;;;;;;;;;;;;;;;;;;
Rhynchopsitta pachyrhyncha;Handbook of the Birds of the World;;;;;;;;1;4;26;;;;;;;;;;;;
Strigops habroptila;Handbook of the Birds of the World;;;;;;;;1;2;30;;105;;;;;;;;;;
Tanygnathus lucionensis;Handbook of the Birds of the World;;;;;;;;;;;;;;;;;;;;;;
Trichoglossus capistratus;;;;;;;;;;;;;;;;;;;;;;;
Trichoglossus chlorolepidotus;Handbook of the Birds of the World;;;;;;;;2;2;25;;56;;;;;;;;;;
Trichoglossus euteles;Handbook of the Birds of the World;;;;;;;;3;3;23;;;;;;;;;;;;
Trichoglossus forsteni;;;;;;;;;;;;;;;;;;;;;;;
Trichoglossus haematodus;Handbook of the Birds of the World;;;;;;;;1;3;25;;53,5;;;;;;;;;;
Trichoglossus johnstoniae;Handbook of the Birds of the World;;;;;;;;2;2;;;35;;;;;;;;;;
Trichoglossus ornatus;Handbook of the Birds of the World;;;;;;;;2;2;27;;80;;;;;;;;;;
Trichoglossus rubritorquis;;;;;;;;;;;;;;;;;;;;;;;
Triclaria malachitacea;;;;;;;;;;;;;;;;;;;;;;;
Vini australis;Handbook of the Birds of the World;;;;;;;;1;2;23;;;;;;;;;;;;
Agapornis canus;Parrots of the World;;;;;yes;;;;;;;;;;up to 30;;;;;;;
Agapornis fischeri;Parrots of the World;;;;;;;;;;;;;;;small up to 20;;;;;;;
Agapornis lilianae;Parrots of the World;;;;;yes, in tree hollow;;;;;;;;;;20 to 100 or more;;;;;;;
Agapornis nigrigenis;Parrots of the World;;;;;;;;;;;;;;;small up ro 15;;;;;;;
Agapornis personatus;Parrots of the World;;;;;;;nest colonially;;;;;;;;small up to 20;;;;;;;
Agapornis pullarius;Parrots of the World;;;;;yes;;;;;;;;;;pairs up to 20;;;;;;;
Agapornis roseicollis;Parrots of the World;;;;;yes;;;;;;;;;;small up to 20;;;;;;;
Agapornis taranta;Parrots of the World;;;;;yes, in tree hollow;;;;;;;;;;small up to 20;;;;;;;
Alisterus amboinensis;Parrots of the World;;;;;;;;;;;;;;;single to 5 or 6;;;;;;;
Alisterus chloropterus;Parrots of the World;;;;;;;;;;;;;;;single up to 10;;;;;;;
Alisterus scapularis;Parrots of the World;;;;;;;;;;;;;;;pair or family or 30 or more for immature;;;;;;;
Amazona aestiva;Parrots of the World;;;;;yes;;pair or family;;;;;;;;small to large;;;;;;;
Amazona albifrons;Parrots of the World;;;;;yes;;single or pair;;;;;;;;up to or larger than 30;;;;;;;
Amazona amazonica;Parrots of the World;;;;;yes;;;;;;;;;;small;;;;;;;
Amazona auropalliata;;;;;;;;;;;;;;;;;;;;;;;
Amazona autumnalis;Parrots of the World;;;;;;;;;;;;;;;small to large;;;;;;;
Amazona barbadensis;Parrots of the World;;;;;yes;;pair or family;;;;;;;;small to large;;;;;;;
Amazona brasiliensis;Parrots of the World;;;;;yes;;single to family;;;;;;;;;;;;;;;
Amazona collaria;Parrots of the World;;;;;yes;;single to family;;;;;;;;large;;;;;;;
Amazona farinosa;Parrots of the World;;;;;yes;;;;;;;;;;pair to large;;;;;;;
Amazona festiva;Parrots of the World;;;;;yes;;;;;;;;;;pair or small;;;;;;;
Amazona finschi;Parrots of the World;;;;;yes;;;;;;;;;;pair or small or larger;;;;;;;
Amazona leucocephala;Parrots of the World;;;;;yes;;single to small;;;;;;;;up to or larger than 30;;;;;;;
Amazona ochrocephala;Parrots of the World;;;;;yes;;;;;;;;;;pair or small;;;;;;;
Amazona oratrix;;;;;;;;;;;;;;;;;;;;;;;
Amazona pretrei;Parrots of the World;;;;;yes;;single to family;;;;;;;;small to large;;;;;;;
Amazona rhodocorytha;Parrots of the World;;;;;yes;;;;;;;;;;pair or small;;;;;;;
Amazona tucumana;Parrots of the World;;;;;;;;;;;;;;;up to 40;;;;;;;
Amazona ventralis;Parrots of the World;;;;;yes;;pair to small;;;;;;;;small to large;;;;;;;
Amazona vinacea;Parrots of the World;;;;;;;single or pair;;;;;;;;pair or small;;;;;;;
Amazona viridigenalis;Parrots of the World;;;;;;;flocks;;;;;;;;flocks;;;;;;;
Amazona vittata;Parrots of the World;;;;;;;pair;;;;;;;;pair or small;;;;;;;
Amazona xanthops;Parrots of the World;;;;;;;;;;;;;;;up to or larger than 30;;;;;;;
Anodorhynchus hyacinthinus;Parrots of the World;;;;;;;single or pair;;;;;;;;singly to 20;;;;;;;
Anodorhynchus leari;Parrots of the World;;;;;yes;;;;;;;;;;3 to 4;;;;;;;
Aprosmictus erythropterus;Parrots of the World;;;;;;;;;;;;;;;pair to 20;;;;;;;
Ara ambiguus;Parrots of the World;;;;;;;;;;;;;;;pair to 10;;;;;;;
Ara ararauna;Parrots of the World;;;;;yes;;;;;;;;;;pair to 20 or more;;;;;;;
Ara chloropterus;Parrots of the World;;;;;yes;;;;;;;;;;single to small;;;;;;;
Ara glaucogularis;Parrots of the World;;;;;yes;;;;;;;;;;pair or family;;;;;;;
Ara macao;Parrots of the World;;;;;yes;;;;;;;;;;pair to 20;;;;;;;
Ara militaris;Parrots of the World;;;;;yes;;;;;;;;;;pair to 10;;;;;;;
Ara rubrogenys;Parrots of the World;;;;;yes;;;;;;;;;;pair to large;;;;;;;
Ara severus;Parrots of the World;;;;;yes;;;;;;;;;;pair to small;;;;;;;
Aratinga acuticaudata;Parrots of the World;;;;;yes;;;;;;;;;;10 to 50 or more;;;;;;;
Aratinga aurea;Parrots of the World;;;;;yes;;pair or family;;;;;;;;10 to 30 or more;;;;;;;
Aratinga auricapillus;Parrots of the World;;;;;;;;;;;;;;;large;;;;;;;
Aratinga canicularis;Parrots of the World;;;;;yes;;pair or family;;;;;;;;up to 50 or more;;;;;;;
Aratinga holochlora;Parrots of the World;;;;;yes;;;;;;;;;;up to 100 or more;;;;;;;
Aratinga jandaya;Parrots of the World;;;;;;;single or pair;;;;;;;;10 to 20;;;;;;;
Aratinga leucophthalma;Parrots of the World;;;;;yes;;pair to family;;;;;;;;up to 50 or more;;;;;;;
Aratinga mitrata;Parrots of the World;;;;;yes;;;;;;;;;;small to large;;;;;;;
Aratinga pertinax;Parrots of the World;;;;;yes;;;;;;;;;;pair to small;;;;;;;
Aratinga solstitialis;Parrots of the World;;;;;;;;;;;;;;;up to 20 or large;;;;;;;
Aratinga weddellii;Parrots of the World;;;;;;;;;;;;;;;pair to large;;;;;;;
Barnardius zonarius;Parrots of the World;;;;;;;;;;;;;;;pair or family;;;;;;;
Bolborhynchus lineola;Parrots of the World;;;;;yes;;;;;;;;;;pair to 100 or more;;;;;;;
Brotogeris cyanoptera;Parrots of the World;;;;;;;pair or family;;;;;;;;up to 30;;;;;;;
Brotogeris tirica;Parrots of the World;;;;;yes;;;;;;;;;;pair to 20 or large;;;;;;;
Brotogeris versicolurus;Parrots of the World;;;;;yes;;pair to large;;;;;;;;small to large;;;;;;;
Cacatua alba;Parrots of the World;;;;;yes;;;;;;;;;;single to small;;;;;;;
Cacatua ducorpsii;Parrots of the World;;;;;;;;;;;;;;;pair or small;;;;;;;
Cacatua galerita;Parrots of the World;;;;;yes;;pair or family;;;;;;;;sometimes hundreds;;;;;;;
Cacatua goffiniana;Parrots of the World;;;;;yes;;;;;;;;;;single to hundreds;;;;;;;
Cacatua haematuropygia;Parrots of the World;;;;;;;;;;;;;;;singly to 30 or large;;;;;;;
Cacatua leadbeateri;Parrots of the World;;;;;yes, non-breeding;;;;;;;;;;10 to 50;;;;;;;
Cacatua moluccensis;Parrots of the World;;;;;yes;;single or pair;;;;;;;;10 or more;;;;;;;
Cacatua ophthalmica;Parrots of the World;;;;;yes;;;;;;;;;;single to small;;;;;;;
Cacatua sanguinea;Parrots of the World;;;;;yes;;;;;;;;;;immense;;;;;;;
Cacatua sulphurea;Parrots of the World;;;;;yes;;;;;;;;;;flocks;;;;;;;
Cacatua tenuirostris;Parrots of the World;;;;;yes;;pair to small;;;;;;;;up to 2000 or more;;;;;;;
Callocephalon fimbriatum;Parrots of the World;;;;;;;pair or family;;;;;;;;small;;;;;;;
Calyptorhynchus banksii;Parrots of the World;;;;;yes;;;;;;;;;;large;;;;;;;
Calyptorhynchus funereus;Parrots of the World;;;;;;;pair to small;;;;;;;;large;;;;;;;
Chalcopsitta atra;Parrots of the World;;;;;;;;;;;;;;;;;;;;;;
Chalcopsitta duivenbodei;Parrots of the World;;;;;yes;;;;;;;;;;pair or small;;;;;;;
Chalcopsitta sintillata;Parrots of the World;;;;;;;;;;;;;;;single up to or larger than 30;;;;;;;
Charmosyna papou;Parrots of the World;;;;;;;;;;;;;;;pair or small;;;;;;;
Charmosyna placentis;Parrots of the World;;;;;;;;;;;;;;;small;;;;;;;
Coracopsis nigra;Parrots of the World;;;;;;;;;;;;;;;small;;;;;;;
Coracopsis vasa;Parrots of the World;;;;;yes;;;;;;;;;;small up to 15;;;;;;;
Cyanoliseus patagonus;Parrots of the World;;;;;yes;;;;;;;;;;large;;;;;;;
Cyanopsitta spixii;Parrots of the World;;;;;;;;;;;;;;;pair or small;;;;;;;
Cyanoramphus auriceps;Parrots of the World;;;;;;;pair, territorial;;;;;;;;pair or small;;;;;;;
Cyanoramphus novaezelandiae;Parrots of the World;;;;;;;;;;;;;;;pair or family;;;;;;;
Cyanoramphus unicolor;Parrots of the World;;;;;;;;;;;;;;;single up to 5;;;;;;;
Cyclopsitta diophthalma;Parrots of the World;;;;;yes;;;;;;;;;;pair or small;;;;;;;
Deroptyus accipitrinus;Parrots of the World;;;;;small groups, maybe single;;;;;;;;;;pair or small;;;;;;;
Diopsittaca nobilis;Parrots of the World;;;;;;;;;;;;;;;;;;;;;;
Eclectus roratus;Parrots of the World;;;;;yes;;;;;;;;;;single to small;;;;;;;
Enicognathus leptorhynchus;Parrots of the World;;;;;yes;;flocks;;;;;;;;flocks;;;;;;;
Eolophus roseicapilla;Parrots of the World;;;;;;;pair;;;;;;;;pair or flock;;;;;;;
Eos bornea;Parrots of the World;;;;;;;;;;;;;;;pair to 50;;;;;;;
Eos cyanogenia;Parrots of the World;;;;;;;;;;;;;;;pairs to 40 or more;;;;;;;
Eos histrio;Parrots of the World;;;;;yes;;;;;;;;;;flocks;;;;;;;
Eos reticulata;Parrots of the World;;;;;;;;;;;;;;;single up to 10 or more;;;;;;;
Eos squamata;Parrots of the World;;;;;;;;;;;;;;;pair or flock;;;;;;;
Eunymphicus cornutus;Parrots of the World;;;;;;;;;;;;;;;pair or family;;;;;;;
Forpus coelestis;Parrots of the World;;;;;;;also single to family;;;;;;;;up to 20;;;;;;;
Forpus conspicillatus;Parrots of the World;;;;;yes;;also single or pair;;;;;;;;10 to 15;;;;;;;
Forpus passerinus;Parrots of the World;;;;;;;;;;;;;;;single or pair or 10 to 50 or more;;;;;;;
Forpus xanthopterygius;Parrots of the World;;;;;;;;;;;;;;;small up to 20;;;;;;;
Glossopsitta concinna;Parrots of the World;;;;;yes;;;;;;;;;;flocks;;;;;;;
Glossopsitta porphyrocephala;Parrots of the World;;;;;yes;;;;;;;;;;small;;;;;;;
Glossopsitta pusilla;Parrots of the World;;;;;;;;;;;;;;;small;;;;;;;
Guaruba guarouba;Parrots of the World;;;;;yes, in tree hollow;;communal nesting;;;;;;;;small 5 or 10 or more;;;;;;;
Lathamus discolor;Parrots of the World;;;;;yes;;small to 30;;;;;;;;small to 30;;;;;;;
Loriculus galgulus;Parrots of the World;;;;;yes;;;;;;;;;;single to small;;;;;;;
Loriculus vernalis;Parrots of the World;;;;;;;;;;;;;;;pair to small;;;;;;;
Lorius chlorocercus;Parrots of the World;;;;;;;;;;;;;;;single to 10;;;;;;;
Lorius domicella;Parrots of the World;;;;;;;;;;;;;;;single or pair;;;;;;;
Lorius garrulus;Parrots of the World;;;;;;;;;;;;;;;pairs;;;;;;;
Lorius lory;Parrots of the World;;;;;;;;;;;;;;;pairs;;;;;;;
Melopsittacus undulatus;Parrots of the World;;;;;yes;;;;;;;;;;up to 100 or more;;;;;;;
Myiopsitta monachus;Parrots of the World;;;;;yes;;communal nesting;;;;;;;;10 to 100 or more;;;;;;;
Nandayus nenday;Parrots of the World;;;;;yes;;;;;;;;;;10 to 20;;;;;;;
Neophema chrysogaster;Parrots of the World;;;;;yes;;;;;;;;;;single to small;;;;;;;
Neophema chrysostoma;Parrots of the World;;;;;;;up to 20, or pair or small;;;;;;;;up to 20, or pair or small;;;;;;;
Neophema elegans;Parrots of the World;;;;;yes;;pair or small;;;;;;;;20 to 100 or more;;;;;;;
Neophema pulchella;Parrots of the World;;;;;yes;;pair, territorial;;;;;;;;up to 30;;;;;;;
Neophema splendida;Parrots of the World;;;;;;;;;;;;;;;;;;;;;;
Neopsephotus bourkii;Parrots of the World;;;;;;;;;;;;;;;pair or small;;;;;;;
Nestor meridionalis;Parrots of the World;;;;;;;;;;;;;;;pair to 10;;;;;;;
Nestor notabilis;Parrots of the World;;;;;;;;;;;;;;;juveniles up to 50, breeding in pairs;;;;;;;
Nymphicus hollandicus;Parrots of the World;;;;;yes;;;;;;;;;;small to large;;;;;;;
Phigys solitarius;Parrots of the World;;;;;;;;;;;;;;;pairs or small or large;;;;;;;
Pionites leucogaster;Parrots of the World;;;;;;;;;;;;;;;pair to small;;;;;;;
Pionites melanocephalus;Parrots of the World;;;;;yes, in tree hollow;;;;;;;;;;pair to 10;;;;;;;
Pionopsitta pileata;Parrots of the World;;;;;;;all male;;;;;;;;pair or small;;;;;;;
Pionus chalcopterus;Parrots of the World;;;;;;;single to small;;;;;;;;small up ro 15;;;;;;;
Pionus menstruus;Parrots of the World;;;;;yes;;pair or family;;;;;;;;small to large;;;;;;;
Pionus senilis;Parrots of the World;;;;;;;single to small;;;;;;;;small up to 20;;;;;;;
Pionus tumultuosus;Parrots of the World;;;;;;;pair or family;;;;;;;;small to large;;;;;;;
Platycercus adscitus;Parrots of the World;;;;;;;;;;;;;;;;;;;;;;
Platycercus elegans;Parrots of the World;;;;;yes;;;;;;;;;;pair or small;;;;;;;
Platycercus eximius;Parrots of the World;;;;;;;;;;;;;;;pairs, immature in flocks up to 25;;;;;;;
Platycercus icterotis;Parrots of the World;;;;;;;;;;;;;;;pair or small;;;;;;;
Platycercus venustus;Parrots of the World;;;;;;;;;;;;;;;pairs up to 6 to 8;;;;;;;
Poicephalus cryptoxanthus;Parrots of the World;;;;;;;;;;;;;;;pair to 10;;;;;;;
Poicephalus gulielmi;Parrots of the World;;;;;yes;;;;;;;;;;pair or small up to 10;;;;;;;
Poicephalus meyeri;Parrots of the World;;;;;;;;;;;;;;;pair or small;;;;;;;
Poicephalus robustus;Parrots of the World;;;;;;;;;;;;;;;pair or small;;;;;;;
Poicephalus rufiventris;Parrots of the World;;;;;;;loose colony;;;;;;;;pair or small;;;;;;;
Poicephalus senegalus;Parrots of the World;;;;;;;;;;;;;;;pair or small up to 10 or 20;;;;;;;
Polytelis alexandrae;Parrots of the World;;;;;;;;;;;;;;;;;;;;;;
Polytelis anthopeplus;Parrots of the World;;;;;;;all male in early breeding;;;;;;;;pair or small;;;;;;;
Polytelis swainsonii;Parrots of the World;;;;;;;small flocks of males, then two or three families;;;;;;;;large up to 200;;;;;;;
Primolius auricollis;Parrots of the World;;;;;yes;;;;;;;;;;pair or small;;;;;;;
Primolius couloni;Parrots of the World;;;;;;;;;;;;;;;pair to small;;;;;;;
Primolius maracana;Parrots of the World;;;;;;;;;;;;;;;pair or small;;;;;;;
Probosciger aterrimus;Parrots of the World;;;;;no;;;;;;;;;;single to small or up to 30 birds;;;;;;;
Psephotus chrysopterygius;Parrots of the World;;;;;;;pair and last year male;;;;;;;;pair or flocks, young birds 15 to 30;;;;;;;
Psephotus dissimilis;Parrots of the World;;;;;yes;;;;;;;;;;pair, young flock;;;;;;;
Psephotus haematonotus;Parrots of the World;;;;;;;;;;;;;;;pair or small, winter up to 100;;;;;;;
Psephotus varius;Parrots of the World;;;;;;;;;;;;;;;pair or small;;;;;;;
Pseudeos fuscata;Parrots of the World;;;;;yes;;;;;;;;;;20 to 100 or more;;;;;;;
Psittacula alexandri;Parrots of the World;;;;;yes;;;;;;;;;;10 to 50 or more;;;;;;;
Psittacula columboides;Parrots of the World;;;;;;;;;;;;;;;family or small;;;;;;;
Psittacula cyanocephala;Parrots of the World;;;;;yes;;;;;;;;;;family or small or several hundreds;;;;;;;
Psittacula derbiana;Parrots of the World;;;;;;;;;;;;;;;up to 50;;;;;;;
Psittacula eupatria;Parrots of the World;;;;;yes, up to thousands;;;;;;;;;;small;;;;;;;
Psittacula krameri;Parrots of the World;;;;;yes, up to thousands;;;;;;;;;;small;;;;;;;
Psittaculirostris desmarestii;Parrots of the World;;;;;;;colonial nesting;;;;;;;;small up to 10;;;;;;;
Psittaculirostris edwardsii;Parrots of the World;;;;;;;;;;;;;;;pair or small or up to 400;;;;;;;
Psittacus erithacus;Parrots of the World;;;;;yes;;;;;;;;;;;;;;;;;
Psitteuteles goldiei;Parrots of the World;;;;;;;;;;;;;;;small to 40;;;;;;;
Psitteuteles iris;Parrots of the World;;;;;;;;;;;;;;;small to 50;;;;;;;
Psittrichas fulgidus;Parrots of the World;;;;;;;;;;;;;;;single to small;;;;;;;
Purpureicephalus spurius;Parrots of the World;;;;;;;;;;;;;;;pairs, immature in flocks up to 20 or more;;;;;;;
Pyrrhura cruentata;Parrots of the World;;;;;;;;;;;;;;;up to 20;;;;;;;
Pyrrhura frontalis;Parrots of the World;;;;;yes;;pair or family;;;;;;;;10 to 40 or more;;;;;;;
Pyrrhura hoffmanni;Parrots of the World;;;;;;;pair or family;;;;;;;;up to 30;;;;;;;
Pyrrhura leucotis;Parrots of the World;;;;;;;;;;;;;;;15 to 20;;;;;;;
Pyrrhura melanura;Parrots of the World;;;;;;;;;;;;;;;small up to 10;;;;;;;
Pyrrhura molinae;Parrots of the World;;;;;;;;;;;;;;;10 to 20 or more;;;;;;;
Pyrrhura perlata;Parrots of the World;;;;;;;;;;;;;;;pair to 10;;;;;;;
Pyrrhura picta;Parrots of the World;;;;;;;sometimes pair or family;;;;;;;;up to 10 or 15;;;;;;;
Pyrrhura rhodocephala;Parrots of the World;;;;;yes;;;;;;;;;;10 to 30;;;;;;;
Pyrrhura rupicola;Parrots of the World;;;;;yes;;pair or family;;;;;;;;up to 30 or more;;;;;;;
Rhynchopsitta pachyrhyncha;Parrots of the World;;;;;yes;;;;;;;;;;small;;;;;;;
Strigops habroptila;Parrots of the World;;;;;no;;single or pair;;;;;;;;single;;;;;;;
Tanygnathus lucionensis;Parrots of the World;;;;;;;;;;;;;;;single to small;;;;;;;
Trichoglossus capistratus;;;;;;;;;;;;;;;;;;;;;;;
Trichoglossus chlorolepidotus;Parrots of the World;;;;;yes;;;;;;;;;;pair to 10;;;;;;;
Trichoglossus euteles;Parrots of the World;;;;;;;;;;;;;;;small or up to 100 or more;;;;;;;
Trichoglossus forsteni;;;;;;;;;;;;;;;;;;;;;;;
Trichoglossus haematodus;Parrots of the World;;;;;yes;;;;;;;;;;pairs to hundreds;;;;;;;
Trichoglossus johnstoniae;Parrots of the World;;;;;;;;;;;;;;;single to 30;;;;;;;
Trichoglossus ornatus;Parrots of the World;;;;;;;;;;;;;;;pairs or small or large;;;;;;;
Trichoglossus rubritorquis;;;;;;;;;;;;;;;;;;;;;;;
Triclaria malachitacea;Parrots of the World;;;;;;;;;;;;;;;pair or small;;;;;;;
Vini australis;Parrots of the World;;;;;;;pair;;;;;;;;small up to 10 or more;;;;;;;
Cacatua roseicapilla;Rowley et al. 1986;;;;;;;;;;;;;;;large;;;;hollow trees;;2 or 3 years;
Cacatua leadbeateri;Rowley et al. 1986;;;;;;;;;;;;;;;large;;;;hollow trees;;2 or 3 years;
Agapornis canus;;;;;;;;;;;;;;;;;;;;;;;
Agapornis fischeri;;;;;;;;;;;;;;;;;;;;;;;
Agapornis lilianae;;;;;;;;;;;;;;;;;;;;;;;
Agapornis nigrigenis;;;;;;;;;;;;;;;;;;;;;;;
Agapornis personatus;;;;;;;;;;;;;;;;;;;;;;;
Agapornis pullarius;;;;;;;;;;;;;;;;;;;;;;;
Agapornis roseicollis;;;;;;;;;;;;;;;;;;;;;;;
Agapornis taranta;;;;;;;;;;;;;;;;;;;;;;;
Alisterus amboinensis;;;;;;;;;;;;;;;;;;;;;;;
Alisterus chloropterus;;;;;;;;;;;;;;;;;;;;;;;
Alisterus scapularis;Australian Parrots;;;;;;;;3;6;;;;;;pairs or small, immatures 30-40;;;;hollow trees;;;
Amazona aestiva;;;;;;;;;;;;;;;;;;;;;;;
Amazona albifrons;;;;;;;;;;;;;;;;;;;;;;;
Amazona amazonica;;;;;;;;;;;;;;;;;;;;;;;
Amazona auropalliata;;;;;;;;;;;;;;;;;;;;;;;
Amazona autumnalis;;;;;;;;;;;;;;;;;;;;;;;
Amazona barbadensis;;;;;;;;;;;;;;;;;;;;;;;
Amazona brasiliensis;;;;;;;;;;;;;;;;;;;;;;;
Amazona collaria;;;;;;;;;;;;;;;;;;;;;;;
Amazona farinosa;;;;;;;;;;;;;;;;;;;;;;;
Amazona festiva;;;;;;;;;;;;;;;;;;;;;;;
Amazona finschi;;;;;;;;;;;;;;;;;;;;;;;
Amazona leucocephala;;;;;;;;;;;;;;;;;;;;;;;
Amazona ochrocephala;;;;;;;;;;;;;;;;;;;;;;;
Amazona oratrix;;;;;;;;;;;;;;;;;;;;;;;
Amazona pretrei;;;;;;;;;;;;;;;;;;;;;;;
Amazona rhodocorytha;;;;;;;;;;;;;;;;;;;;;;;
Amazona tucumana;;;;;;;;;;;;;;;;;;;;;;;
Amazona ventralis;;;;;;;;;;;;;;;;;;;;;;;
Amazona vinacea;;;;;;;;;;;;;;;;;;;;;;;
Amazona viridigenalis;;;;;;;;;;;;;;;;;;;;;;;
Amazona vittata;;;;;;;;;;;;;;;;;;;;;;;
Amazona xanthops;;;;;;;;;;;;;;;;;;;;;;;
Anodorhynchus hyacinthinus;;;;;;;;;;;;;;;;;;;;;;;
Anodorhynchus leari;;;;;;;;;;;;;;;;;;;;;;;
Aprosmictus erythropterus;Australian Parrots;;;;;;;pair or family;3;6;20;42;;;;pair or family, 15-20 immatures;;;;tree hollow;;;
Ara ambiguus;;;;;;;;;;;;;;;;;;;;;;;
Ara ararauna;;;;;;;;;;;;;;;;;;;;;;;
Ara chloropterus;;;;;;;;;;;;;;;;;;;;;;;
Ara glaucogularis;;;;;;;;;;;;;;;;;;;;;;;
Ara macao;;;;;;;;;;;;;;;;;;;;;;;
Ara militaris;;;;;;;;;;;;;;;;;;;;;;;
Ara rubrogenys;;;;;;;;;;;;;;;;;;;;;;;
Ara severus;;;;;;;;;;;;;;;;;;;;;;;
Aratinga acuticaudata;;;;;;;;;;;;;;;;;;;;;;;
Aratinga aurea;;;;;;;;;;;;;;;;;;;;;;;
Aratinga auricapillus;;;;;;;;;;;;;;;;;;;;;;;
Aratinga canicularis;;;;;;;;;;;;;;;;;;;;;;;
Aratinga holochlora;;;;;;;;;;;;;;;;;;;;;;;
Aratinga jandaya;;;;;;;;;;;;;;;;;;;;;;;
Aratinga leucophthalma;;;;;;;;;;;;;;;;;;;;;;;
Aratinga mitrata;;;;;;;;;;;;;;;;;;;;;;;
Aratinga pertinax;;;;;;;;;;;;;;;;;;;;;;;
Aratinga solstitialis;;;;;;;;;;;;;;;;;;;;;;;
Aratinga weddellii;;;;;;;;;;;;;;;;;;;;;;;
Barnardius zonarius;;;;;;;;;;;;;;;;;;;;;;;
Bolborhynchus lineola;;;;;;;;;;;;;;;;;;;;;;;
Brotogeris cyanoptera;;;;;;;;;;;;;;;;;;;;;;;
Brotogeris tirica;;;;;;;;;;;;;;;;;;;;;;;
Brotogeris versicolurus;;;;;;;;;;;;;;;;;;;;;;;
Cacatua alba;;;;;;;;;;;;;;;;;;;;;;;
Cacatua ducorpsii;;;;;;;;;;;;;;;;;;;;;;;
Cacatua galerita;Australian Parrots;;;;;yes;;pair or family;2;3;27;70;;;;up to hundreds;woodlands, forest, rainforest, cities;maybe;seeds, plants, grains, nuts, berries, fruits, blossoms, roots, insects and larvae;tree hollow;;;
Cacatua goffiniana;;;;;;;;;;;;;;;;;;;;;;;
Cacatua haematuropygia;;;;;;;;;;;;;;;;;;;;;;;
Cacatua leadbeateri;;;;;;;;;;;;;;;;;;;;;;;
Cacatua moluccensis;;;;;;;;;;;;;;;;;;;;;;;
Cacatua ophthalmica;;;;;;;;;;;;;;;;;;;;;;;
Cacatua sanguinea;Australian Parrots;;;;;yes;;pair;2;4;26;56;;;;thousands;wooded;weight;seeds, plants, nuts, fruits, berries, roots, corms, buds, blossoms, insects and larvae;tree hollow;;;
Cacatua sulphurea;;;;;;;;;;;;;;;;;;;;;;;
Cacatua tenuirostris;Australian Parrots;;;;;yes;;;2;4;;;;;;29 to 249;grassy woodlands;maybe weight;plants, bulbs, corn, grain, seeds, nuts, fruits, berries, leaf buds, insects and larvae;tree hollow;;;
Callocephalon fimbriatum;Australian Parrots;;;;;;;;2;3;30;56;;;;pair or small;woodlands;yes;seeds, berries, nuts, fruits, vegetable matter, instects and larvae;tree hollow;;;
Calyptorhynchus banksii;Australian Parrots;;;;;yes;;;1;1;30;90;;;;;wide range - shrublands, rainforest, woodland;yes;seeds, nuts, berries, fruits, nectar, blossoms, insects and larvae;tree hollow;;;
Calyptorhynchus funereus;;;;;;;;;;;;;;;;;;;;;;;
Chalcopsitta atra;;;;;;;;;;;;;;;;;;;;;;;
Chalcopsitta duivenbodei;;;;;;;;;;;;;;;;;;;;;;;
Chalcopsitta sintillata;;;;;;;;;;;;;;;;;;;;;;;
Charmosyna papou;;;;;;;;;;;;;;;;;;;;;;;
Charmosyna placentis;;;;;;;;;;;;;;;;;;;;;;;
Coracopsis nigra;;;;;;;;;;;;;;;;;;;;;;;
Coracopsis vasa;;;;;;;;;;;;;;;;;;;;;;;
Cyanoliseus patagonus;;;;;;;;;;;;;;;;;;;;;;;
Cyanopsitta spixii;;;;;;;;;;;;;;;;;;;;;;;
Cyanoramphus auriceps;;;;;;;;;;;;;;;;;;;;;;;
Cyanoramphus novaezelandiae;;;;;;;;;;;;;;;;;;;;;;;
Cyanoramphus unicolor;;;;;;;;;;;;;;;;;;;;;;;
Cyclopsitta diophthalma;Australian Parrots;;;;;yes;;;;;;;;;;pair or small;;;;self made hole in tree;;;
Deroptyus accipitrinus;;;;;;;;;;;;;;;;;;;;;;;
Diopsittaca nobilis;;;;;;;;;;;;;;;;;;;;;;;
Eclectus roratus;Australian Parrots;;;;;yes;;;2;2;;;;;;pair or small;;;;tree hollow;;;multiple individuals in one nest
Enicognathus leptorhynchus;;;;;;;;;;;;;;;;;;;;;;;
Eolophus roseicapilla;Australian Parrots;;;;;yes;;pair at nesting tree;2;6;23,5;49;;;;pairs form flocks;woodlands and timbered grasslands;yes;;tree hollow;;;lot of time to play
Eos bornea;;;;;;;;;;;;;;;;;;;;;;;
Eos cyanogenia;;;;;;;;;;;;;;;;;;;;;;;
Eos histrio;;;;;;;;;;;;;;;;;;;;;;;
Eos reticulata;;;;;;;;;;;;;;;;;;;;;;;
Eos squamata;;;;;;;;;;;;;;;;;;;;;;;
Eunymphicus cornutus;;;;;;;;;;;;;;;;;;;;;;;
Forpus coelestis;;;;;;;;;;;;;;;;;;;;;;;
Forpus conspicillatus;;;;;;;;;;;;;;;;;;;;;;;
Forpus passerinus;;;;;;;;;;;;;;;;;;;;;;;
Forpus xanthopterygius;;;;;;;;;;;;;;;;;;;;;;;
Glossopsitta concinna;Australian Parrots;;;;;yes;;;2;2;;;;;;flocks;;;;tree hollow;;;
Glossopsitta porphyrocephala;Australian Parrots;;;;;;;;3;4;;;;;;small;;;;tree hollow;;;
Glossopsitta pusilla;Australian Parrots;;;;;;;;3;4;;;;;;small;;;;tree hollow;;;
Guaruba guarouba;;;;;;;;;;;;;;;;;;;;;;;
Lathamus discolor;;;;;;;;;;;;;;;;;;;;;;;
Loriculus galgulus;;;;;;;;;;;;;;;;;;;;;;;
Loriculus vernalis;;;;;;;;;;;;;;;;;;;;;;;
Lorius chlorocercus;;;;;;;;;;;;;;;;;;;;;;;
Lorius domicella;;;;;;;;;;;;;;;;;;;;;;;
Lorius garrulus;;;;;;;;;;;;;;;;;;;;;;;
Lorius lory;;;;;;;;;;;;;;;;;;;;;;;
Melopsittacus undulatus;;;;;;;;;;;;;;;;;;;;;;;
Myiopsitta monachus;;;;;;;;;;;;;;;;;;;;;;;
Nandayus nenday;;;;;;;;;;;;;;;;;;;;;;;
Neophema chrysogaster;;;;;;;;;;;;;;;;;;;;;;;
Neophema chrysostoma;;;;;;;;;;;;;;;;;;;;;;;
Neophema elegans;;;;;;;;;;;;;;;;;;;;;;;
Neophema pulchella;;;;;;;;;;;;;;;;;;;;;;;
Neophema splendida;;;;;;;;;;;;;;;;;;;;;;;
Neopsephotus bourkii;;;;;;;;;;;;;;;;;;;;;;;
Nestor meridionalis;;;;;;;;;;;;;;;;;;;;;;;
Nestor notabilis;;;;;;;;;;;;;;;;;;;;;;;
Nymphicus hollandicus;Australian Parrots;;;;;;;;2;8;20;27;;;;small or pairs, pair to 500, mean of 27;open timbered;yes;seeds, grain, bruits, berries, possibly insects and larvae;tree hollow;;;
Phigys solitarius;;;;;;;;;;;;;;;;;;;;;;;
Pionites leucogaster;;;;;;;;;;;;;;;;;;;;;;;
Pionites melanocephalus;;;;;;;;;;;;;;;;;;;;;;;
Pionopsitta pileata;;;;;;;;;;;;;;;;;;;;;;;
Pionus chalcopterus;;;;;;;;;;;;;;;;;;;;;;;
Pionus menstruus;;;;;;;;;;;;;;;;;;;;;;;
Pionus senilis;;;;;;;;;;;;;;;;;;;;;;;
Pionus tumultuosus;;;;;;;;;;;;;;;;;;;;;;;
Platycercus adscitus;;;;;;;;;;;;;;;;;;;;;;;
Platycercus elegans;;;;;;;;;;;;;;;;;;;;;;;
Platycercus eximius;;;;;;;;;;;;;;;;;;;;;;;
Platycercus icterotis;;;;;;;;;;;;;;;;;;;;;;;
Platycercus venustus;;;;;;;;;;;;;;;;;;;;;;;
Poicephalus cryptoxanthus;;;;;;;;;;;;;;;;;;;;;;;
Poicephalus gulielmi;;;;;;;;;;;;;;;;;;;;;;;
Poicephalus meyeri;;;;;;;;;;;;;;;;;;;;;;;
Poicephalus robustus;;;;;;;;;;;;;;;;;;;;;;;
Poicephalus rufiventris;;;;;;;;;;;;;;;;;;;;;;;
Poicephalus senegalus;;;;;;;;;;;;;;;;;;;;;;;
Polytelis alexandrae;;;;;;;;;;;;;;;;;;;;;;;
Polytelis anthopeplus;;;;;;;;;;;;;;;;;;;;;;;
Polytelis swainsonii;Australian Parrots;;;;;;;smaller flocks;4;6;22;40;;;;large flocks;;;;tree hollow;;;
Primolius auricollis;;;;;;;;;;;;;;;;;;;;;;;
Primolius couloni;;;;;;;;;;;;;;;;;;;;;;;
Primolius maracana;;;;;;;;;;;;;;;;;;;;;;;
Probosciger aterrimus;Australian Parrots;;;;;no;;likely pairs have territories;;;33,5;;79,5;;;single to small;rainforest;yes;seeds, nuts, fruits, berries, lieaf buds, probably insects and larvae;;;;makes tools for territorial display, drumstick
Psephotus chrysopterygius;;;;;;;;;;;;;;;;;;;;;;;
Psephotus dissimilis;;;;;;;;;;;;;;;;;;;;;;;
Psephotus haematonotus;;;;;;;;;;;;;;;;;;;;;;;
Psephotus varius;;;;;;;;;;;;;;;;;;;;;;;
Pseudeos fuscata;;;;;;;;;;;;;;;;;;;;;;;
Psittacula alexandri;;;;;;;;;;;;;;;;;;;;;;;
Psittacula columboides;;;;;;;;;;;;;;;;;;;;;;;
Psittacula cyanocephala;;;;;;;;;;;;;;;;;;;;;;;
Psittacula derbiana;;;;;;;;;;;;;;;;;;;;;;;
Psittacula eupatria;;;;;;;;;;;;;;;;;;;;;;;
Psittacula krameri;;;;;;;;;;;;;;;;;;;;;;;
Psittaculirostris desmarestii;;;;;;;;;;;;;;;;;;;;;;;
Psittaculirostris edwardsii;;;;;;;;;;;;;;;;;;;;;;;
Psittacus erithacus;;;;;;;;;;;;;;;;;;;;;;;
Psitteuteles goldiei;;;;;;;;;;;;;;;;;;;;;;;
Psitteuteles iris;;;;;;;;;;;;;;;;;;;;;;;
Psittrichas fulgidus;;;;;;;;;;;;;;;;;;;;;;;
Purpureicephalus spurius;;;;;;;;;;;;;;;;;;;;;;;
Pyrrhura cruentata;;;;;;;;;;;;;;;;;;;;;;;
Pyrrhura frontalis;;;;;;;;;;;;;;;;;;;;;;;
Pyrrhura hoffmanni;;;;;;;;;;;;;;;;;;;;;;;
Pyrrhura leucotis;;;;;;;;;;;;;;;;;;;;;;;
Pyrrhura melanura;;;;;;;;;;;;;;;;;;;;;;;
Pyrrhura molinae;;;;;;;;;;;;;;;;;;;;;;;
Pyrrhura perlata;;;;;;;;;;;;;;;;;;;;;;;
Pyrrhura picta;;;;;;;;;;;;;;;;;;;;;;;
Pyrrhura rhodocephala;;;;;;;;;;;;;;;;;;;;;;;
Pyrrhura rupicola;;;;;;;;;;;;;;;;;;;;;;;
Rhynchopsitta pachyrhyncha;;;;;;;;;;;;;;;;;;;;;;;
Strigops habroptila;;;;;;;;;;;;;;;;;;;;;;;
Tanygnathus lucionensis;;;;;;;;;;;;;;;;;;;;;;;
Trichoglossus capistratus;;;;;;;;;;;;;;;;;;;;;;;
Trichoglossus chlorolepidotus;Australian Parrots;;;;;;;;2;3;25;;;;56;up to 5;lowlands;weight;pollen, nectar, flowers, buds, berries, fruits, seeds, insects and larvae;;;;
Trichoglossus euteles;;;;;;;;;;;;;;;;;;;;;;;
Trichoglossus forsteni;;;;;;;;;;;;;;;;;;;;;;;
Trichoglossus haematodus;Australian Parrots;;;;;yes;;;2;3;25;56;;;;pairs or small;;maybe weight;pollen, nectar, flowers, fruits, berries, buds, seeds, insects and larvae;tree hollow;;;
Trichoglossus johnstoniae;;;;;;;;;;;;;;;;;;;;;;;
Trichoglossus ornatus;;;;;;;;;;;;;;;;;;;;;;;
Trichoglossus rubritorquis;;;;;;;;;;;;;;;;;;;;;;;
Triclaria malachitacea;;;;;;;;;;;;;;;;;;;;;;;
Vini australis;;;;;;;;;;;;;;;;;;;;;;;
Cacatua roseicapilla;;;;;;;;;;;;;;;;;;;;;;;
Cacatua leadbeateri;;;;;;;;;;;;;;;;;;;;;;;
Agapornis swindernianus;Handbook of the Birds of the World;;;;;;;;;;;;;;;;;;;;;;
Amazona agilis;Handbook of the Birds of the World;;;;;;;;2;4;28;;56;;;;;;;;;;
Amazona arausiaca;Handbook of the Birds of the World;;;;;;;;2;2;;;;;;;;;;;;;
Amazona dufresniana;Handbook of the Birds of the World;;;;;;;;3;3;24,5;;;;;;;;;;;;
Amazona guildingii;Handbook of the Birds of the World;;;;;;;;2;2;24;;68;;;;;;;;;;
Amazona imperialis;Handbook of the Birds of the World;;;;;;;;2;2;;;;;;;;;;;;;
Amazona mercenaria;Handbook of the Birds of the World;;;;;;;;;;25,5;;;;;;;;;;;;
Amazona versicolor;Handbook of the Birds of the World;;;;;;;;2;2;28;;81;;;;;;;;;;
Amazona xantholora;Handbook of the Birds of the World;;;;;;;;4;4;22,5;;;;;;;;;;;;
Anodorhynchus glaucus;Handbook of the Birds of the World;;;;;;;;2;2;;;;;;;;;;;;;
Aprosmictus jonquillaceus;Handbook of the Birds of the World;;;;;;;;;;;;;;;;;;;;;;
Ara autocthones;;;;;;;;;;;;;;;;;;;;;;;
Ara manilata;Handbook of the Birds of the World;;;;;;;;2;2;25;;75;;;;;;;;;;
Ara tricolor;;;;;;;;;;;;;;;;;;;;;;;
Aratinga cactorum;Handbook of the Birds of the World;;;;;;;;;;;;42;;;;;;;;;;
Aratinga chloroptera;Handbook of the Birds of the World;;;;;;;;;;;;;;;;;;;;;;
Aratinga erythrogenys;Handbook of the Birds of the World;;;;;;;;2;4;23;;;;;;;;;;;;
Aratinga euops;Handbook of the Birds of the World;;;;;;;;3;5;22,5;;47,5;;;;;;;;;;
Aratinga finschi;Handbook of the Birds of the World;;;;;;;;2;4;;;;;;;;;;;;;
Aratinga labati;;;;;;;;;;;;;;;;;;;;;;;
Aratinga nana;Handbook of the Birds of the World;;;;;;;;3;5;;;;;;;;;;;;;
Aratinga wagleri;Handbook of the Birds of the World;;;;;;;;;;;;;;;;;;;;;;
Bolbopsittacus lunulatus;Handbook of the Birds of the World;;;;;;;;;;;;;;;;;;;;;;
Bolborhynchus ferrugineifrons;Handbook of the Birds of the World;;;;;;;;;;;;;;;;;;;;;;
Bolborhynchus orbygnesius;Handbook of the Birds of the World;;;;;;;;;;;;;;;;;;;;;;
Brotogeris chiriri;Handbook of the Birds of the World;;;;;;;;;;;;;;;;;;;;;;
Brotogeris chrysoptera;Handbook of the Birds of the World;;;;;;;;3;4;;;;;;;;;;;;;
Brotogeris jugularis;Handbook of the Birds of the World;;;;;;;;4;7;21;;;;;;;;;;;;
Brotogeris pyrrhoptera;Handbook of the Birds of the World;;;;;;;;4;7;;42;;;;;;;;;;;
Brotogeris sanctithomae;Handbook of the Birds of the World;;;;;;;;;;;;;;;;;;;;;;
Cacatua pastinator;Handbook of the Birds of the World;;;;;;;;2;3;24;60;;;;;;;;;;;
Calyptorhynchus baudinii;Handbook of the Birds of the World;;;;;;;;2;2;28;;;;;;;;;;;;
Calyptorhynchus lathami;Handbook of the Birds of the World;;;;;;;;1;1;29;;80;;;;;;;;;;
Calyptorhynchus latirostris;Handbook of the Birds of the World;;;;;;;;1;2;28,5;77,5;;;;;;;;;;;
Chalcopsitta cardinalis;Handbook of the Birds of the World;;;;;;;;;;;;;;;;;;;;;;
Charmosyna aureicincta;;;;;;;;;;;;;;;;;;;;;;;
Charmosyna diadema;Handbook of the Birds of the World;;;;;;;;;;;;;;;;;;;;;;
Charmosyna josefinae;Handbook of the Birds of the World;;;;;;;;;;;;;;;;;;;;;;
Charmosyna margarethae;Handbook of the Birds of the World;;;;;;;;;;;;;;;;;;;;;;
Charmosyna meeki;Handbook of the Birds of the World;;;;;;;;;;;;;;;;;;;;;;
Charmosyna multistriata;Handbook of the Birds of the World;;;;;;;;;;;;;;;;;;;;;;
Charmosyna palmarum;Handbook of the Birds of the World;;;;;;;;;;;;;;;;;;;;;;
Charmosyna pulchella;Handbook of the Birds of the World;;;;;;;;1;2;25;;60;;;;;;;;;;
Charmosyna rubrigularis;Handbook of the Birds of the World;;;;;;;;;;;;;;;;;;;;;;
Charmosyna rubronotata;Handbook of the Birds of the World;;;;;;;;;;;;;;;;;;;;;;
Charmosyna toxopei;Handbook of the Birds of the World;;;;;;;;;;;;;;;;;;;;;;
Charmosyna wilhelminae;Handbook of the Birds of the World;;;;;;;;;;;;;;;;;;;;;;
Conuropsis carolinensis;;;;;;;;;;;;;;;;;;;;;;;
Cyanoramphus malherbi;Handbook of the Birds of the World;;;;;;;;3;3;;;;;;;;;;;;;
Cyanoramphus ulietanus;;;;;;;;;;;;;;;;;;;;;;;
Cyanoramphus zealandicus;;;;;;;;;;;;;;;;;;;;;;;
Cycloderes auricollis;;;;;;;;;;;;;;;;;;;;;;;
Cyclopsitta gulielmitertii;Handbook of the Birds of the World;;;;;;;;;;;;;;;;;;;;;;
Enicognathus ferrugineus;Handbook of the Birds of the World;;;;;;;;4;8;26;;;;;;;;;;;;
Eos semilarvata;Handbook of the Birds of the World;;;;;;;;;;;;;;;;;;;;;;
Forpus cyanopygius;Handbook of the Birds of the World;;;;;;;;3;3;;;35;;;;;;;;;;
Forpus modestus;;;;;;;;;;;;;;;;;;;;;;;
Forpus xanthops;Handbook of the Birds of the World;;;;;;;;3;6;21,5;;35,5;;;;;;;;;;
Geoffroyus geoffroyi;Handbook of the Birds of the World;;;;;;;;3;3;;;;;;;;;;;;;
Geoffroyus heteroclitus;Handbook of the Birds of the World;;;;;;;;;;;;;;;;;;;;;;
Geoffroyus simplex;Handbook of the Birds of the World;;;;;;;;;;;;;;;;;;;;;;
Graydidascalus brachyurus;Handbook of the Birds of the World;;;;;;;;;;;;;;;;;;;;;;
Hapalopsittaca amazonina;Handbook of the Birds of the World;;;;;;;;;;;;;;;;;;;;;;
Hapalopsittaca melanotis;Handbook of the Birds of the World;;;;;;;;;;;;;;;;;;;;;;
Leptosittaca branickii;Handbook of the Birds of the World;;;;;;;;;;;;;;;;;;;;;;
Lophopsittacus mauritianus;;;;;;;;;;;;;;;;;;;;;;;
Loriculus amabilis;Handbook of the Birds of the World;;;;;;;;;;;;;;;;;;;;;;
Loriculus aurantiifrons;Handbook of the Birds of the World;;;;;;;;4;4;;;;;;;;;;;;;
Loriculus beryllinus;Handbook of the Birds of the World;;;;;;;;2;3;;;;;;;;;;;;;
Loriculus exilis;Handbook of the Birds of the World;;;;;;;;;;;;;;;;;;;;;;
Loriculus flosculus;Handbook of the Birds of the World;;;;;;;;;;;;;;;;;;;;;;
Loriculus philippensis;;;;;;;;;;;;;;;;;;;;;;;
Loriculus pusillus;Handbook of the Birds of the World;;;;;;;;2;2;;;;;;;;;;;;;
Loriculus stigmatus;Handbook of the Birds of the World;;;;;;;;;;;;;;;;;;;;;;
Lorius albidinucha;Handbook of the Birds of the World;;;;;;;;;;;;;;;;;;;;;;
Lorius hypoinochrous;Handbook of the Birds of the World;;;;;;;;;;;;;;;;;;;;;;
Lorius tibialus;;;;;;;;;;;;;;;;;;;;;;;
Mascarinus mascarin;;;;;;;;;;;;;;;;;;;;;;;
Micropsitta bruijnii;Handbook of the Birds of the World;;;;;;;;;;;;;;;;;;;;;;
Micropsitta finschii;Handbook of the Birds of the World;;;;;;;;;;;;;;;;;;;;;;
Micropsitta geelvinkiana;Handbook of the Birds of the World;;;;;;;;;;;;;;;;;;;;;;
Micropsitta keiensis;Handbook of the Birds of the World;;;;;;;;;;;;;;;;;;;;;;
Micropsitta meeki;Handbook of the Birds of the World;;;;;;;;;;;;;;;;;;;;;;
Micropsitta pusio;Handbook of the Birds of the World;;;;;;;;2;3;;;;;;;;;;;;;
Nannopsittaca dachilleae;Handbook of the Birds of the World;;;;;;;;;;;;;;;;;;;;;;
Nannopsittaca panychlora;Handbook of the Birds of the World;;;;;;;;;;;;;;;;;;;;;;
Necropsittacus rodricanus;;;;;;;;;;;;;;;;;;;;;;;
Neophema petrophila;Handbook of the Birds of the World;;;;;;;;4;5;18;;30;;;;;;;;;;
Neopsittacus musschenbroekii;Handbook of the Birds of the World;;;;;;;;2;2;;;;;;;;;;;;;
Neopsittacus pullicauda;Handbook of the Birds of the World;;;;;;;;2;2;;;;;;;;;;;;;
Nestor productus;;;;;;;;;;;;;;;;;;;;;;;
Northiella haematogaster;Handbook of the Birds of the World;;;;;;;;4;7;19;;30;;;;;;;;;;
Ognorhynchus icterotis;Handbook of the Birds of the World;;;;;;;;4;4;;;;;;;;;;;;;
Oreopsittacus arfaki;;;;;;;;;;;;;;;;;;;;;;;
Orthopsittaca manilata;;;;;;;;;;;;;;;;;;;;;;;
Pezoporus occidentalis;;;;;;;;;;;;;;;;;;;;;;;
Pezoporus wallicus;Handbook of the Birds of the World;;;;;;;;3;4;21;;;;;;;;;;;;
Pionopsitta barrabandi;;;;;;;;;;;;;;;;;;;;;;;
Pionopsitta caica;Handbook of the Birds of the World;;;;;;;;;;;;;;;;;;;;;;
Pionopsitta haematotis;Handbook of the Birds of the World;;;;;;;;;;;;;;;;;;;;;;
Pionopsitta pulchra;Handbook of the Birds of the World;;;;;;;;;;;;;;;;;;;;;;
Pionopsitta pyrilia;Handbook of the Birds of the World;;;;;;;;;;;;;;;;;;;;;;
Pionopsitta vulturina;Handbook of the Birds of the World;;;;;;;;;;;;;;;;;;;;;;
Pionus fuscus;Handbook of the Birds of the World;;;;;;;;4;4;;;;;;;;;;;;;
Pionus maximiliani;Handbook of the Birds of the World;;;;;;;;4;5;;;63;;;;;;;;;;
Pionus sordidus;Handbook of the Birds of the World;;;;;;;;3;3;27;;84;;;;;;;;;;
Platycercus caledonicus;Handbook of the Birds of the World;;;;;;;;4;6;19;;35;;;;;;;;;;
Poicephalus crassus;Handbook of the Birds of the World;;;;;;;;;;;;;;;;;;;;;;
Poicephalus flavifrons;Handbook of the Birds of the World;;;;;;;;;;;;;;;;;;;;;;
Poicephalus rueppellii;Handbook of the Birds of the World;;;;;;;;3;5;;120;;;;;;;;;;;
Prioniturus discurus;Handbook of the Birds of the World;;;;;;;;3;3;;;;;;;;;;;;;
Prioniturus flavicans;;;;;;;;;;;;;;;;;;;;;;;
Prioniturus luconensis;Handbook of the Birds of the World;;;;;;;;;;;;;;;;;;;;;;
Prioniturus mada;;;;;;;;;;;;;;;;;;;;;;;
Prioniturus montanus;Handbook of the Birds of the World;;;;;;;;;;;;;;;;;;;;;;
Prioniturus platurus;Handbook of the Birds of the World;;;;;;;;;;;;;;;;;;;;;;
Prosopeia personata;Handbook of the Birds of the World;;;;;;;;2;2;;;;;;;;;;;;;
Prosopeia splendens;Handbook of the Birds of the World;;;;;;;;;;;;;;;;;;;;;;
Prosopeia tabuensis;Handbook of the Birds of the World;;;;;;;;2;3;24;49;;;;;;;;;;;
Psephotus haematogaster;Handbook of the Birds of the World;;;;;;;;4;8;19;;28;;;;;;;;;;
Psephotus pulcherrimus;Handbook of the Birds of the World;;;;;;;;3;5;;;;;;;;;;;;;
Psilopsiagon aurifrons;Handbook of the Birds of the World;;;;;;;;3;6;23;;56;;;;;;;;;;
Psilopsiagon aymara;Handbook of the Birds of the World;;;;;;;;4;6;28;;45,5;;;;;;;;;;
Psittacara chloropterus;;;;;;;;;;;;;;;;;;;;;;;
Psittacella brehmii;Handbook of the Birds of the World;;;;;;;;;;;;;;;;;;;;;;
Psittacella madaraszi;Handbook of the Birds of the World;;;;;;;;;;;;;;;;;;;;;;
Psittacella modesta;Handbook of the Birds of the World;;;;;;;;;;;;;;;;;;;;;;
Psittacella picta;Handbook of the Birds of the World;;;;;;;;;;;;;;;;;;;;;;
Psittacula calthropae;Handbook of the Birds of the World;;;;;;;;2;4;21;;49;;;;;;;;;;
Psittacula caniceps;Handbook of the Birds of the World;;;;;;;;;;;;;;;;;;;;;;
Psittacula echo;Handbook of the Birds of the World;;;;;;;;2;4;22;;63;;;;;;;;;;
Psittacula eques;;;;;;;;;;;;;;;;;;;;;;;
Psittacula exsul;;;;;;;;;;;;;;;;;;;;;;;
Psittacula finschii;Handbook of the Birds of the World;;;;;;;;4;4;;;;;;;;;;;;;
Psittacula himalayana;Handbook of the Birds of the World;;;;;;;;3;5;24;;40;;;;;;;;;;
Psittacula longicauda;Handbook of the Birds of the World;;;;;;;;2;3;24;;;;;;;;;;;;
Psittacula roseata;Handbook of the Birds of the World;;;;;;;;;;;;42;;;;;;;;;;
Psittacula wardi;;;;;;;;;;;;;;;;;;;;;;;
Psittaculirostris salvadorii;Handbook of the Birds of the World;;;;;;;;;;;;;;;;;;;;;;
Psitteuteles versicolor;Handbook of the Birds of the World;;;;;;;;2;5;21,5;;40;;;;;;;;;;
Psittinus cyanurus;Handbook of the Birds of the World;;;;;;;;3;3;;;;;;;;;;;;;
Pyrrhura albipectus;Handbook of the Birds of the World;;;;;;;;;;;;;;;;;;;;;;
Pyrrhura calliptera;Handbook of the Birds of the World;;;;;;;;;;;;;;;;;;;;;;
Pyrrhura devillei;Handbook of the Birds of the World;;;;;;;;;;;;;;;;;;;;;;
Pyrrhura egregia;Handbook of the Birds of the World;;;;;;;;;;;;;;;;;;;;;;
Pyrrhura hoematotis;Handbook of the Birds of the World;;;;;;;;;;;;;;;;;;;;;;
Pyrrhura lepida;;;;;;;;;;;;;;;;;;;;;;;
Pyrrhura orcesi;Handbook of the Birds of the World;;;;;;;;;;;;;;;;;;;;;;
Pyrrhura pfrimeri;;;;;;;;;;;;;;;;;;;;;;;
Pyrrhura viridicata;Handbook of the Birds of the World;;;;;;;;;;;;;;;;;;;;;;
Rhynchopsitta terrisi;Handbook of the Birds of the World;;;;;;;;;;;;;;;;;;;;;;
Tanygnathus gramineus;Handbook of the Birds of the World;;;;;;;;;;;;;;;;;;;;;;
Tanygnathus megalorynchos;Handbook of the Birds of the World;;;;;;;;;;;;;;;;;;;;;;
Tanygnathus sumatranus;Handbook of the Birds of the World;;;;;;;;;;;;;;;;;;;;;;
Touit batavicus;Handbook of the Birds of the World;;;;;;;;5;6;;;;;;;;;;;;;
Touit dilectissimus;Handbook of the Birds of the World;;;;;;;;;;;;;;;;;;;;;;
Touit huetii;Handbook of the Birds of the World;;;;;;;;;;;;;;;;;;;;;;
Touit melanonotus;Handbook of the Birds of the World;;;;;;;;;;;;;;;;;;;;;;
Touit purpuratus;Handbook of the Birds of the World;;;;;;;;3;5;;;;;;;;;;;;;
Touit stictopterus;Handbook of the Birds of the World;;;;;;;;;;;;;;;;;;;;;;
Touit surdus;Handbook of the Birds of the World;;;;;;;;;;;;;;;;;;;;;;
Trichoglossus flavoviridis;Handbook of the Birds of the World;;;;;;;;2;2;23;;;;;;;;;;;;
Trichoglossus rubiginosus;Handbook of the Birds of the World;;;;;;;;1;1;;;;;;;;;;;;;
Trichoglossus weberi;;;;;;;;;;;;;;;;;;;;;;;
Vini kuhlii;Handbook of the Birds of the World;;;;;;;;2;2;;;49;;;;;;;;;;
Vini peruviana;Handbook of the Birds of the World;;;;;;;;2;2;25;;60;;;;;;;;;;
Vini stepheni;Handbook of the Birds of the World;;;;;;;;;;;;;;;;;;;;;;
Vini ultramarina;Handbook of the Birds of the World;;;;;;;;2;2;;;56;;;;;;;;;;
;;;;;;;;;;;;;;;;;;;;;;;
Agapornis canus;Parrots of the World;;flocks;30;large;yes;;;;;;;;;;;;;;;;;
Agapornis fischeri;Parrots of the World;;flocks;20;large;;;;;;;;;;;;;;;;;;
Agapornis lilianae;Parrots of the World;;20;100+;;yes;;;;;;;;;;;;;;;;;
Agapornis nigrigenis;Parrots of the World;;small;15;;;;;;;;;;;;;;;;;;;
Agapornis personatus;Parrots of the World;;flocks;20;large;;;;;;;;;;;;;;;;;;colonial nesting
Agapornis pullarius;Parrots of the World;;pair;20;large;;;;;;;;;;;;;;;;;;
Agapornis roseicollis;Parrots of the World;;small;20;hundreds;yes;;;;;;;;;;;;;;;;;
Agapornis swindernianus;Parrots of the World;;small;;;yes;;;;;;;;;;;;;;;;;
Agapornis taranta;Parrots of the World;;small;20;large;yes;;;;;;;;;;;;;;;;;
Alisterus amboinensis;Parrots of the World;;single, pair;6;;;;;;;;;;;;;;;;;;;
Alisterus chloropterus;Parrots of the World;;single, pair;10;;;;;;;;;;;;;;;;;;;
Alisterus scapularis;Parrots of the World;;pair, family;;large;;30+;;;;;;;;;;;;;;;;
Amazona aestiva;Parrots of the World;;small;large;;yes;;single-family;;;;;;;;;;;;;;;
Amazona agilis;Parrots of the World;;flocks;30+;;yes;;single, pair;;;;;;;;;;;;;;;
Amazona albifrons;Parrots of the World;;flocks;30;;yes;;single, pair;;;;;;;;;;;;;;;
Amazona amazonica;Parrots of the World;;small;;;yes;;;;;;;;;;;;;;;;;
Amazona arausiaca;Parrots of the World;;small;;;yes;;single-family;;;;;;;;;;;;;;;
Amazona auropalliata;;;;;;;;;;;;;;;;;;;;;;;
Amazona autumnalis;Parrots of the World;;small;large;;yes;;;;;;;;;;;;;;;;;
Amazona barbadensis;Parrots of the World;;small;large;;yes;;pair, family;;;;;;;;;;;;;;;
Amazona brasiliensis;Parrots of the World;;flocks;;;yes;;single-family;;;;;;;;;;;;;;;
Amazona collaria;Parrots of the World;;small;large;;yes;;single-family;;;;;;;;;;;;;;;
Amazona dufresniana;Parrots of the World;;pair;small;;yes;;;;;;;;;;;;;;;;;
Amazona farinosa;Parrots of the World;;pair;small;;yes;;;;;;;;;;;;;;;;;
Amazona festiva;Parrots of the World;;pair;small;large;yes;;;;;;;;;;;;;;;;;
Amazona finschi;Parrots of the World;;pair;large;;yes;;;;;;;;;;;;;;;;;
Amazona guildingii;Parrots of the World;;groups;20+;;;;;;;;;;;;;;;;;;;
Amazona imperialis;Parrots of the World;;single, pair;small;;;;;;;;;;;;;;;;;;;
Amazona leucocephala;Parrots of the World;;flocks;30+;;yes;;single-small;;;;;;;;;;;;;;;
Amazona mercenaria;Parrots of the World;;flocks;20;;yes;;;;;;;;;;;;;;;;;
Amazona ochrocephala;Parrots of the World;;pair;small;;yes;;;;;;;;;;;;;;;;;
Amazona oratrix;;;;;;;;;;;;;;;;;;;;;;;
Amazona pretrei;Parrots of the World;;small;large;;yes;;single-family;;;;;;;;;;;;;;;
Amazona rhodocorytha;Parrots of the World;;pair;small;;yes;;;;;;;;;;;;;;;;;
Amazona tucumana;Parrots of the World;;flocks;40;very large;;;;;;;;;;;;;;;;;;
Amazona ventralis;Parrots of the World;;small;large;;yes;;pair-small;;;;;;;;;;;;;;;
Amazona versicolor;Parrots of the World;;flocks;20;;yes;;;;;;;;;;;;;;;;;
Amazona vinacea;Parrots of the World;;pair;large;;;;single, pair;;;;;;;;;;;;;;;
Amazona viridigenalis;Parrots of the World;;flocks;;;;;flocks;;;;;;;;;;;;;;;
Amazona vittata;Parrots of the World;;pair;small;;;;pair;;;;;;;;;;;;;;;
Amazona xantholora;Parrots of the World;;small;;;yes;;;;;;;;;;;;;;;;;
Amazona xanthops;Parrots of the World;;flocks;30+;;;;;;;;;;;;;;;;;;;
Anodorhynchus glaucus;Parrots of the World;;;;;;;;;;;;;;;;;;;;;;
Anodorhynchus hyacinthinus;Parrots of the World;;single, pair;20;;;;single, pair;;;;;;;;;;;;;;;
Anodorhynchus leari;Parrots of the World;;3;4;;yes;;;;;;;;;;;;;;;;;
Aprosmictus erythropterus;Parrots of the World;;pair;family;;;20;;;;;;;;;;;;;;;;
Aprosmictus jonquillaceus;Parrots of the World;;single, pair;family;;;;;;;;;;;;;;;;;;;
Ara ambiguus;Parrots of the World;;pair;10;;;;;;;;;;;;;;;;;;;
Ara ararauna;Parrots of the World;;pair;20+;large;yes;;;;;;;;;;;;;;;;;
Ara autocthones;;;;;;;;;;;;;;;;;;;;;;;
Ara chloropterus;Parrots of the World;;single, pair;small;large;yes;;;;;;;;;;;;;;;;;
Ara glaucogularis;Parrots of the World;;pair;family;;yes;;;;;;;;;;;;;;;;;
Ara macao;Parrots of the World;;pair, family;20;large;yes;;;;;;;;;;;;;;;;;
Ara manilata;;;;;;;;;;;;;;;;;;;;;;;
Ara militaris;Parrots of the World;;pair;10;;yes;;;;;;;;;;;;;;;;;
Ara rubrogenys;Parrots of the World;;pair;family;large;yes;;;;;;;;;;;;;;;;;
Ara severus;Parrots of the World;;pair;small;large;yes;;;;;;;;;;;;;;;;;
Ara tricolor;;;;;;;;;;;;;;;;;;;;;;;
Aratinga acuticaudata;Parrots of the World;;pair;50+;large;yes;;;;;;;;;;;;;;;;;
Aratinga aurea;Parrots of the World;;10;30+;;yes;;pair, family;;;;;;;;;;;;;;;
Aratinga auricapillus;Parrots of the World;;10;large;;;;;;;;;;;;;;;;;;;
Aratinga cactorum;Parrots of the World;;flocks;20+;;;;pair, family;;;;;;;;;;;;;;;
Aratinga canicularis;Parrots of the World;;flocks;50+;;yes;;pair, family;;;;;;;;;;;;;;;
Aratinga chloroptera;Parrots of the World;;8;large;;yes;;;;;;;;;;;;;;;;;
Aratinga erythrogenys;Parrots of the World;;large;200;;yes;;;;;;;;;;;;;;;;;
Aratinga euops;Parrots of the World;;pair;small;;;;;;;;;;;;;;;;;;;
Aratinga finschi;Parrots of the World;;flocks;;;yes;;;;;;;;;;;;;;;;;
Aratinga holochlora;Parrots of the World;;flocks;100+;;;;;;;;;;;;;;;;;;;
Aratinga jandaya;Parrots of the World;;10;20;;;;single, pair;;;;;;;;;;;;;;;
Aratinga labati;;;;;;;;;;;;;;;;;;;;;;;
Aratinga leucophthalma;Parrots of the World;;;50+;hundreds;yes;;pair, family, 50+;;;;;;;;;;;;;;;
Aratinga mitrata;Parrots of the World;;small;large;100+;yes;;;;;;;;;;;;;;;;;
Aratinga nana;Parrots of the World;;flocks;30;large;;;;;;;;;;;;;;;;;;
Aratinga pertinax;Parrots of the World;;pair;small;large;yes;;;;;;;;;;;;;;;;;
Aratinga solstitialis;Parrots of the World;;flocks;20;large;;;;;;;;;;;;;;;;;;
Aratinga wagleri;Parrots of the World;;;flock;;yes;;;;;;;;;;;;;;;;;
Aratinga weddellii;Parrots of the World;;pair;small;large;;;;;;;;;;;;;;;;;;
Barnardius zonarius;Parrots of the World;;pair;family;;;;;;;;;;;;;;;;;;;
Bolbopsittacus lunulatus;Parrots of the World;;single, pair;20;;;;;;;;;;;;;;;;;;;
Bolborhynchus ferrugineifrons;Parrots of the World;;10;15;;yes;;;;;;;;;;;;;;;;;
Bolborhynchus lineola;Parrots of the World;;pair, small;100+;;yes;;;;;;;;;;;;;;;;;
Bolborhynchus orbygnesius;Parrots of the World;;flocks;300;;;;;;;;;;;;;;;;;;;
Brotogeris chiriri;Parrots of the World;;;large;;yes;;;;;;;;;;;;;;;;;
Brotogeris chrysoptera;Parrots of the World;;flocks;10+;100;yes;;pair, small;;;;;;;;;;;;;;;
Brotogeris cyanoptera;Parrots of the World;;flocks;30;;;;pair, family;;;;;;;;;;;;;;;
Brotogeris jugularis;Parrots of the World;;small;large;;yes;;pair, family;;;;;;;;;;;;;;;
Brotogeris pyrrhoptera;Parrots of the World;;pair;large;;;;;;;;;;;;;;;;;;;
Brotogeris sanctithomae;Parrots of the World;;small;large;very large;;;pair, small;;;;;;;;;;;;;;;
Brotogeris tirica;Parrots of the World;;pair;20;large;yes;;;;;;;;;;;;;;;;;
Brotogeris versicolurus;Parrots of the World;;small;large;;yes;;small-large;;;;;;;;;;;;;;;
Cacatua alba;Parrots of the World;;single, pair;small;;yes;;;;;;;;;;;;;;;;;
Cacatua ducorpsii;Parrots of the World;;pair;small;;;;;;;;;;;;;;;;;;;
Cacatua galerita;Parrots of the World;;;hundreds;;yes;;pair, family;;;;;;;;;;;;;;;
Cacatua goffiniana;Parrots of the World;;single, pair;small, large;hundreds;yes;;;;;;;;;;;;;;;;;
Cacatua haematuropygia;Parrots of the World;;single, pair;30;;;;;;;;;;;;;;;;;;;
Cacatua leadbeateri;Parrots of the World;;10;50;large;yes;;;;;;;;;;;;;;;;;
Cacatua moluccensis;Parrots of the World;;;10+;;yes;;single, pair;;;;;;;;;;;;;;;
Cacatua ophthalmica;Parrots of the World;;single, pair;small;;yes;;;;;;;;;;;;;;;;;
Cacatua pastinator;Parrots of the World;;pair;groups;;yes;flocks (also non-breeding);;;;;;;;;;;;;;;;
Cacatua roseicapilla;;;;;;;;;;;;;;;;;;;;;;;
Cacatua sanguinea;Parrots of the World;;;immense;;;;;;;;;;;;;;;;;;;
Cacatua sulphurea;Parrots of the World;;single, pair;flocks;;yes;;;;;;;;;;;;;;;;;
Cacatua tenuirostris;Parrots of the World;;;2000+;;yes;;pair, small;;;;;;;;;;;;;;;
Callocephalon fimbriatum;Parrots of the World;;small;;large;;;pair, family;;;;;;;;;;;;;;;
Calyptorhynchus banksii;Parrots of the World;;;large;;yes;;;;;;;;;;;;;;;;;
Calyptorhynchus baudinii;Parrots of the World;;;flocks;;;;pair, family;;;;;;;;;;;;;;;
Calyptorhynchus funereus;Parrots of the World;;pair;small;large;;;;;;;;;;;;;;;;;;
Calyptorhynchus lathami;Parrots of the World;;pair, family;small;large;;;;;;;;;;;;;;;;;;
Calyptorhynchus latirostris;Parrots of the World;;pair, family;large;;;;;;;;;;;;;;;;;;;
Chalcopsitta atra;Parrots of the World;;;large;;;;;;;;;;;;;;;;;;;
Chalcopsitta cardinalis;Parrots of the World;;small;20;;;;;;;;;;;;;;;;;;;
Chalcopsitta duivenbodei;Parrots of the World;;pair;small;;;;;;;;;;;;;;;;;;;
Chalcopsitta sintillata;Parrots of the World;;single, pair;30+;;;;;;;;;;;;;;;;;;;
Charmosyna aureicincta;;;;;;;;;;;;;;;;;;;;;;;
Charmosyna diadema;Parrots of the World;;;;;;;;;;;;;;;;;;;;;;
Charmosyna josefinae;Parrots of the World;;pair;small;;;;;;;;;;;;;;;;;;;
Charmosyna margarethae;Parrots of the World;;10;15;large;;;;;;;;;;;;;;;;;;
Charmosyna meeki;Parrots of the World;;10;15;large;;;;;;;;;;;;;;;;;;
Charmosyna multistriata;Parrots of the World;;;;;;;;;;;;;;;;;;;;;;
Charmosyna palmarum;Parrots of the World;;single, pair;small;large;;;;;;;;;;;;;;;;;;
Charmosyna papou;Parrots of the World;;pair;small;;;;;;;;;;;;;;;;;;;
Charmosyna placentis;Parrots of the World;;small;;large;;;;;;;;;;;;;;;;;;
Charmosyna pulchella;Parrots of the World;;pair;large;;;;;;;;;;;;;;;;;;;
Charmosyna rubrigularis;Parrots of the World;;;10;;;;;;;;;;;;;;;;;;;
Charmosyna rubronotata;Parrots of the World;;;;;;;;;;;;;;;;;;;;;;
Charmosyna toxopei;Parrots of the World;;pair;10;;;;;;;;;;;;;;;;;;;
Charmosyna wilhelminae;Parrots of the World;;single, pair;large;;;;;;;;;;;;;;;;;;;
Conuropsis carolinensis;;;;;;;;;;;;;;;;;;;;;;;
Coracopsis nigra;Parrots of the World;;small;;;;;;;;;;;;;;;;;;;;
Coracopsis vasa;Parrots of the World;;;15;large;yes;;;;;;;;;;;;;;;;;
Cyanoliseus patagonus;Parrots of the World;;large;;;yes;;;;;;;;;;;;;;;;;
Cyanopsitta spixii;Parrots of the World;;pair;small;;;;;;;;;;;;;;;;;;;
Cyanoramphus auriceps;Parrots of the World;;pair;small;;;;;;;;;;;;;;;;;;;
Cyanoramphus malherbi;Parrots of the World;;;;;;;;;;;;;;;;;;;;;;
Cyanoramphus novaezelandiae;Parrots of the World;;pair;family;large;;;;;;;;;;;;;;;;;;
Cyanoramphus ulietanus;;;;;;;;;;;;;;;;;;;;;;;
Cyanoramphus unicolor;Parrots of the World;;single, pair;5;;;;;;;;;;;;;;;;;;;
Cyanoramphus zealandicus;;;;;;;;;;;;;;;;;;;;;;;
Cycloderes auricollis;;;;;;;;;;;;;;;;;;;;;;;
Cyclopsitta diophthalma;Parrots of the World;;pair;small;;yes;;;;;;;;;;;;;;;;;
Cyclopsitta gulielmitertii;Parrots of the World;;pair;10;;;;;;;;;;;;;;;;;;;
Deroptyus accipitrinus;Parrots of the World;;pair;small;10+;small, maybe also single;;;;;;;;;;;;;;;;;
Diopsittaca nobilis;Parrots of the World;;;;;;;;;;;;;;;;;;;;;;
Eclectus roratus;Parrots of the World;;single, pair;small;;yes;;;;;;;;;;;;;;;;;
Enicognathus ferrugineus;Parrots of the World;;10;20;100+;;;;;;;;;;;;;;;;;;
Enicognathus leptorhynchus;Parrots of the World;;flocks;;;yes;flocks;;;;;;;;;;;;;;;;
Eolophus roseicapilla;Parrots of the World;;pair;;;;flock (also non-breeding);;;;;;;;;;;;;;;;
Eos bornea;Parrots of the World;;pair, small;50;;;;;;;;;;;;;;;;;;;
Eos cyanogenia;Parrots of the World;;pair, small;40;;;;;;;;;;;;;;;;;;;
Eos histrio;Parrots of the World;;pair, small;flocks;;yes;;;;;;;;;;;;;;;;;
Eos reticulata;Parrots of the World;;single, pair;10+;;;;;;;;;;;;;;;;;;;
Eos semilarvata;Parrots of the World;;single, pair;small;;;;;;;;;;;;;;;;;;;
Eos squamata;Parrots of the World;;pair;flocks;;;;;;;;;;;;;;;;;;;
Eunymphicus cornutus;Parrots of the World;;pair;family;20;;;;;;;;;;;;;;;;;;
Forpus coelestis;Parrots of the World;;flocks;20;large;;;single, family, 20;;;;;;;;;;;;;;;
Forpus conspicillatus;Parrots of the World;;10;15;;yes;;single, pair, 10-15;;;;;;;;;;;;;;;
Forpus cyanopygius;Parrots of the World;;single, pair;50+;;;;;;;;;;;;;;;;;;;
Forpus modestus;;;;;;;;;;;;;;;;;;;;;;;
Forpus passerinus;Parrots of the World;;10;50;;;;single, pair;;;;;;;;;;;;;;;
Forpus xanthops;Parrots of the World;;small;;;yes;;;;;;;;;;;;;;;;;
Forpus xanthopterygius;Parrots of the World;;small;20;large;;;;;;;;;;;;;;;;;;
Geoffroyus geoffroyi;Parrots of the World;;;;;;;;;;;;;;;;;;;;;;
Geoffroyus heteroclitus;Parrots of the World;;single, pair;small;;;;;;;;;;;;;;;;;;;
Geoffroyus simplex;Parrots of the World;;single;200;;;;;;;;;;;;;;;;;;;
Glossopsitta concinna;Parrots of the World;;;flocks;;yes;;;;;;;;;;;;;;;;;
Glossopsitta porphyrocephala;Parrots of the World;;small;;flocks;yes;;;;;;;;;;;;;;;;;
Glossopsitta pusilla;Parrots of the World;;small;;large;;;;;;;;;;;;;;;;;;
Graydidascalus brachyurus;Parrots of the World;;flocks;large;;yes;;;;;;;;;;;;;;;;;
Guaruba guarouba;Parrots of the World;;5;10+;;yes;;;;;;;;;;;;;;;;;
Hapalopsittaca amazonina;Parrots of the World;;pair;small;25;;;;;;;;;;;;;;;;;;
Hapalopsittaca melanotis;Parrots of the World;;pair;50;;;;;;;;;;;;;;;;;;;
Lathamus discolor;Parrots of the World;;parties;30;large;yes;;parties-30;;;;;;;;;;;;;;;
Leptosittaca branickii;Parrots of the World;;10;15;40+;yes;;;;;;;;;;;;;;;;;
Lophopsittacus mauritianus;;;;;;;;;;;;;;;;;;;;;;;
Loriculus amabilis;Parrots of the World;;single, pair;small;;;;;;;;;;;;;;;;;;;
Loriculus aurantiifrons;Parrots of the World;;single, pair;small;;;;;;;;;;;;;;;;;;;
Loriculus beryllinus;Parrots of the World;;single, pair;small;;;;;;;;;;;;;;;;;;;
Loriculus exilis;Parrots of the World;;single, pair;10;;;;;;;;;;;;;;;;;;;
Loriculus flosculus;Parrots of the World;;small;20;;;;;;;;;;;;;;;;;;;
Loriculus galgulus;Parrots of the World;;single, pair;small;;yes;;;;;;;;;;;;;;;;;
Loriculus philippensis;Parrots of the World;;single;pair;small;;;;;;;;;;;;;;;;;;
Loriculus pusillus;Parrots of the World;;single, pair;small;large;;;;;;;;;;;;;;;;;;
Loriculus stigmatus;Parrots of the World;;single, pair;small;;;;;;;;;;;;;;;;;;;
Loriculus vernalis;Parrots of the World;;pair;small;large;;;;;;;;;;;;;;;;;;
Lorius albidinucha;Parrots of the World;;pair;;;;;;;;;;;;;;;;;;;;
Lorius chlorocercus;Parrots of the World;;single, pair;10;;;;;;;;;;;;;;;;;;;
Lorius domicella;Parrots of the World;;single;pair;;;;;;;;;;;;;;;;;;;
Lorius garrulus;Parrots of the World;;pair;10;;;;;;;;;;;;;;;;;;;
Lorius hypoinochrous;Parrots of the World;;pair;;;;;;;;;;;;;;;;;;;;
Lorius lory;Parrots of the World;;pair;;flocks;;;;;;;;;;;;;;;;;;
Lorius tibialus;;;;;;;;;;;;;;;;;;;;;;;
Mascarinus mascarin;;;;;;;;;;;;;;;;;;;;;;;
Melopsittacus undulatus;Parrots of the World;;;100+;thousands;yes;;;;;;;;;;;;;;;;;
Micropsitta bruijnii;Parrots of the World;;single, pair;small;;;;;;;;;;;;;;;;;;;
Micropsitta finschii;Parrots of the World;;pair;small;;;;;;;;;;;;;;;;;;;
Micropsitta geelvinkiana;Parrots of the World;;5;6;;;;;;;;;;;;;;;;;;;
Micropsitta keiensis;Parrots of the World;;pair;5;;yes;;;;;;;;;;;;;;;;;
Micropsitta meeki;Parrots of the World;;single, pair;small;;;;;;;;;;;;;;;;;;;
Micropsitta pusio;Parrots of the World;;single, pair;10+;;yes;;;;;;;;;;;;;;;;;
Myiopsitta monachus;Parrots of the World;;10;100+;;yes;;communal;;;;;;;;;;;;;;;
Nandayus nenday;Parrots of the World;;10;20;large;yes;;;;;;;;;;;;;;;;;
Nannopsittaca dachilleae;Parrots of the World;;small;20;;;;;;;;;;;;;;;;;;;
Nannopsittaca panychlora;Parrots of the World;;;100+;;;;;;;;;;;;;;;;;;;
Necropsittacus rodricanus;;;;;;;;;;;;;;;;;;;;;;;
Neophema chrysogaster;Parrots of the World;;single;50;;yes;;;;;;;;;;;;;;;;;
Neophema chrysostoma;Parrots of the World;;pair;20;;;;pair-20;;;;;;;;;;;;;;;
Neophema elegans;Parrots of the World;;20;100+;;yes;;pair-small;;;;;;;;;;;;;;;
Neophema petrophila;Parrots of the World;;pair;small;large;;;;;;;;;;;;;;;;;;
Neophema pulchella;Parrots of the World;;;;;yes;;;;;;;;;;;;;;;;;
Neophema splendida;Parrots of the World;;small;;;;;pair-small;;;;;;;;;;;;;;;
Neopsephotus bourkii;Parrots of the World;;pair;small;large;;;;;;;;;;;;;;;;;;
Neopsittacus musschenbroekii;Parrots of the World;;pair;small;;;;;;;;;;;;;;;;;;;
Neopsittacus pullicauda;Parrots of the World;;pair;small;;;;;;;;;;;;;;;;;;;
Nestor meridionalis;Parrots of the World;;pair;10;;;;;;;;;;;;;;;;;;;
Nestor notabilis;Parrots of the World;;pair;;;;50+;;;;;;;;;;;;;;;;
Nestor productus;;;;;;;;;;;;;;;;;;;;;;;
Northiella haematogaster;Parrots of the World;;pair;small;flocks;;;;;;;;;;;;;;;;;;
Nymphicus hollandicus;Parrots of the World;;small;large;;yes;;;;;;;;;;;;;;;;;
Ognorhynchus icterotis;Parrots of the World;;single, pair;20;;yes;;;;;;;;;;;;;;;;;
Oreopsittacus arfaki;Parrots of the World;;pair;small;;;;;;;;;;;;;;;;;;;
Orthopsittaca manilata;Parrots of the World;;;100+;;yes;;;;;;;;;;;;;;;;;
Pezoporus occidentalis;Parrots of the World;;single, pair;8;;;;;;;;;;;;;;;;;;;
Pezoporus wallicus;Parrots of the World;;single;;;;;;;;;;;;;;;;;;;;
Phigys solitarius;Parrots of the World;;pair;small;large;;;;;;;;;;;;;;;;;;
Pionites leucogaster;Parrots of the World;;pair, family;small;;;;;;;;;;;;;;;;;;;
Pionites melanocephalus;Parrots of the World;;pair;10;large;yes;;;;;;;;;;;;;;;;;
Pionopsitta barrabandi;Parrots of the World;;single, pair;10;large;;;;;;;;;;;;;;;;;;
Pionopsitta caica;Parrots of the World;;pair;;;;;;;;;;;;;;;;;;;;
Pionopsitta haematotis;Parrots of the World;;pair;20;;;;;;;;;;;;;;;;;;;
Pionopsitta pileata;Parrots of the World;;pair;small;;;;groups (male);;;;;;;;;;;;;;;
Pionopsitta pulchra;Parrots of the World;;pair;30+;;;;;;;;;;;;;;;;;;;
Pionopsitta pyrilia;Parrots of the World;;small;;;;;;;;;;;;;;;;;;;;
Pionopsitta vulturina;Parrots of the World;;small;10;large;;;pair;;;;;;;;;;;;;;;
Pionus chalcopterus;Parrots of the World;;small;15;;;;single-small;;;;;;;;;;;;;;;
Pionus fuscus;Parrots of the World;;single;small;large;;;;;;;;;;;;;;;;;;
Pionus maximiliani;Parrots of the World;;pair;small;large;;;;;;;;;;;;;;;;;;
Pionus menstruus;Parrots of the World;;;;;yes;;pair, family;;;;;;;;;;;;;;;
Pionus senilis;Parrots of the World;;small;20;large;;;single-small;;;;;;;;;;;;;;;
Pionus sordidus;Parrots of the World;;small;large;;yes;;pair, family;;;;;;;;;;;;;;;
Pionus tumultuosus;Parrots of the World;;small;large;;;;pair, family;;;;;;;;;;;;;;;
Platycercus adscitus;Parrots of the World;;pair;;;;;;;;;;;;;;;;;;;;
Platycercus caledonicus;Parrots of the World;;pair;small;;yes;20+;;;;;;;;;;;;;;;;
Platycercus elegans;Parrots of the World;;pair;small;;;flocks;;;;;;;;;;;;;;;;
Platycercus eximius;Parrots of the World;;pair;;;;25;;;;;;;;;;;;;;;;
Platycercus icterotis;Parrots of the World;;pair;flocks;;;;;;;;;;;;;;;;;;;
Platycercus venustus;Parrots of the World;;pair;8;;;;;;;;;;;;;;;;;;;
Poicephalus crassus;Parrots of the World;;pair;small;;;;;;;;;;;;;;;;;;;
Poicephalus cryptoxanthus;Parrots of the World;;pair;10;large;;;;;;;;;;;;;;;;;;
Poicephalus flavifrons;Parrots of the World;;pair;small;40;yes;;;;;;;;;;;;;;;;;
Poicephalus gulielmi;Parrots of the World;;pair;10;large;yes;;;;;;;;;;;;;;;;;
Poicephalus meyeri;Parrots of the World;;pair;small;large;;;;;;;;;;;;;;;;;;
Poicephalus robustus;Parrots of the World;;pair;small;large;;;;;;;;;;;;;;;;;;
Poicephalus rueppellii;Parrots of the World;;small;20;large;;;;;;;;;;;;;;;;;;
Poicephalus rufiventris;Parrots of the World;;pair;small;large;;;loose colony;;;;;;;;;;;;;;;
Poicephalus senegalus;Parrots of the World;;pair;20;large;;;;;;;;;;;;;;;;;;
Polytelis alexandrae;Parrots of the World;;;;;;;;;;;;;;;;;;;;;;
Polytelis anthopeplus;Parrots of the World;;pair;large;;;;pair, small;;;;;;;;;;;;;;;
Polytelis swainsonii;Parrots of the World;;flocks;200;;;;small;;;;;;;;;;;;;;;
Primolius auricollis;Parrots of the World;;pair;small;large;yes;;;;;;;;;;;;;;;;;
Primolius couloni;Parrots of the World;;pair;small;;;;;;;;;;;;;;;;;;;
Primolius maracana;Parrots of the World;;pair;small;;;;;;;;;;;;;;;;;;;
Prioniturus discurus;Parrots of the World;;;10+;;;;;;;;;;;;;;;;;;;
Prioniturus flavicans;Parrots of the World;;pair;6;;;;;;;;;;;;;;;;;;;
Prioniturus luconensis;Parrots of the World;;pair;small;;;;;;;;;;;;;;;;;;;
Prioniturus mada;Parrots of the World;;small;50+;;;;;;;;;;;;;;;;;;;
Prioniturus montanus;Parrots of the World;;single, pair;small;;;;;;;;;;;;;;;;;;;
Prioniturus platurus;Parrots of the World;;;20+;hundreds;;;;;;;;;;;;;;;;;;
Probosciger aterrimus;Parrots of the World;;single, pair;small;30;no;;;;;;;;;;;;;;;;;
Prosopeia personata;Parrots of the World;;single, pair;small;20;;;;;;;;;;;;;;;;;;
Prosopeia splendens;;;;;;;;;;;;;;;;;;;;;;;
Prosopeia tabuensis;Parrots of the World;;single, pair;small;;;;;;;;;;;;;;;;;;;
Psephotus chrysopterygius;Parrots of the World;;pair;;;;15-30;pair, family;;;;;;;;;;;;;;;
Psephotus dissimilis;Parrots of the World;;pair;;;yes;flocks;pair;;;;;;;;;;;;;;;
Psephotus haematogaster;;;;;;;;;;;;;;;;;;;;;;;
Psephotus haematonotus;Parrots of the World;;pair;small;100;;;;;;;;;;;;;;;;;;
Psephotus pulcherrimus;Parrots of the World;;pair;;;;;;;;;;;;;;;;;;;;
Psephotus varius;Parrots of the World;;pair;flocks;;;;;;;;;;;;;;;;;;;
Pseudeos fuscata;Parrots of the World;;20;100+;;yes;;;;;;;;;;;;;;;;;
Psilopsiagon aurifrons;;;;;;;;;;;;;;;;;;;;;;;
Psilopsiagon aymara;;;;;;;;;;;;;;;;;;;;;;;
Psittacara chloropterus;;;;;;;;;;;;;;;;;;;;;;;
Psittacella brehmii;Parrots of the World;;single;pair;small;;;;;;;;;;;;;;;;;;
Psittacella madaraszi;Parrots of the World;;single;pair;;no;;;;;;;;;;;;;;;;;
Psittacella modesta;Parrots of the World;;single;pair;;;;;;;;;;;;;;;;;;;
Psittacella picta;Parrots of the World;;single;pair;small;;;;;;;;;;;;;;;;;;
Psittacula alexandri;Parrots of the World;;10;50+;large;yes;;;;;;;;;;;;;;;;;
Psittacula calthropae;Parrots of the World;;small;;;;;;;;;;;;;;;;;;;;
Psittacula caniceps;Parrots of the World;;pair;small;;;;;;;;;;;;;;;;;;;
Psittacula columboides;Parrots of the World;;family;small;;;;;;;;;;;;;;;;;;;
Psittacula cyanocephala;Parrots of the World;;family;small;hundreds;yes;;;;;;;;;;;;;;;;;
Psittacula derbiana;Parrots of the World;;flocks;50;;;;;;;;;;;;;;;;;;;
Psittacula echo;Parrots of the World;;single, pair;small;;;;;;;;;;;;;;;;;;;
Psittacula eques;;;;;;;;;;;;;;;;;;;;;;;
Psittacula eupatria;Parrots of the World;;parties;small;large;yes;;;;;;;;;;;;;;;;;
Psittacula exsul;;;;;;;;;;;;;;;;;;;;;;;
Psittacula finschii;Parrots of the World;;small;;;yes;;;;;;;;;;;;;;;;;
Psittacula himalayana;Parrots of the World;;family;small;50;;;;;;;;;;;;;;;;;;
Psittacula krameri;Parrots of the World;;small;;large;yes;;;;;;;;;;;;;;;;;
Psittacula longicauda;Parrots of the World;;flocks;20+;thousands;yes;;;;;;;;;;;;;;;;;
Psittacula roseata;Parrots of the World;;family;small;large;yes;;;;;;;;;;;;;;;;;
Psittacula wardi;;;;;;;;;;;;;;;;;;;;;;;
Psittaculirostris desmarestii;Parrots of the World;;;10;;;;;;;;;;;;;;;;;;;
Psittaculirostris edwardsii;Parrots of the World;;pair;small;400;;;;;;;;;;;;;;;;;;
Psittaculirostris salvadorii;Parrots of the World;;pair;small;;;;;;;;;;;;;;;;;;;
Psittacus erithacus;Parrots of the World;;small;;;yes;;;;;;;;;;;;;;;;;
Psitteuteles goldiei;Parrots of the World;;small;40;;;;;;;;;;;;;;;;;;;
Psitteuteles iris;Parrots of the World;;small;;50;;;;;;;;;;;;;;;;;;
Psitteuteles versicolor;Parrots of the World;;family;small;large;;;;;;;;;;;;;;;;;;
Psittinus cyanurus;Parrots of the World;;pair;small;large;;;;;;;;;;;;;;;;;;
Psittrichas fulgidus;Parrots of the World;;single, pair;small;;;;;;;;;;;;;;;;;;;
Purpureicephalus spurius;Parrots of the World;;pair;;;;20+;;;;;;;;;;;;;;;;
Pyrrhura albipectus;Parrots of the World;;10;15;50;;;;;;;;;;;;;;;;;;
Pyrrhura calliptera;Parrots of the World;;6;40;;;;;;;;;;;;;;;;;;;
Pyrrhura cruentata;Parrots of the World;;flocks;20;;;;;;;;;;;;;;;;;;;
Pyrrhura devillei;Parrots of the World;;;;;;;;;;;;;;;;;;;;;;
Pyrrhura egregia;Parrots of the World;;10;20;;;;pair, family;;;;;;;;;;;;;;;
Pyrrhura frontalis;Parrots of the World;;10;40+;;;;pair, family;;;;;;;;;;;;;;;
Pyrrhura hoematotis;Parrots of the World;;flocks;30+;large;;;pair, family;;;;;;;;;;;;;;;
Pyrrhura hoffmanni;Parrots of the World;;flocks;30;;;;pair, family;;;;;;;;;;;;;;;
Pyrrhura lepida;Parrots of the World;;flocks;10;;;;;;;;;;;;;;;;;;;
Pyrrhura leucotis;Parrots of the World;;15;20;;;;;;;;;;;;;;;;;;;
Pyrrhura melanura;Parrots of the World;;small;10;large;;;;;;;;;;;;;;;;;;
Pyrrhura molinae;Parrots of the World;;10;20+;large;;;;;;;;;;;;;;;;;;
Pyrrhura orcesi;Parrots of the World;;small;15;60;;;pair, family;;;;;;;;;;;;;;;
Pyrrhura perlata;Parrots of the World;;pair;10;large;;;;;;;;;;;;;;;;;;
Pyrrhura pfrimeri;Parrots of the World;;pair;10;;;;;;;;;;;;;;;;;;;
Pyrrhura picta;Parrots of the World;;10;15;;;;pair, family;;;;;;;;;;;;;;;
Pyrrhura rhodocephala;Parrots of the World;;10;30;;yes;;;;;;;;;;;;;;;;;
Pyrrhura rupicola;Parrots of the World;;flocks;30;;yes;;pair, family;;;;;;;;;;;;;;;
Pyrrhura viridicata;Parrots of the World;;flocks;20;;;;;;;;;;;;;;;;;;;
Rhynchopsitta pachyrhyncha;Parrots of the World;;small;;;yes;;;;;;;;;;;;;;;;;
Rhynchopsitta terrisi;Parrots of the World;;;large;;yes;;;;;;;;;;;;;;;;;
Strigops habroptila;Parrots of the World;;single;;;;;;;;;;;;;;;;;;;;
Tanygnathus gramineus;Parrots of the World;;;;;;;;;;;;;;;;;;;;;;
Tanygnathus lucionensis;Parrots of the World;;single, pair;small;;;;;;;;;;;;;;;;;;;
Tanygnathus megalorynchos;Parrots of the World;;single, pair;small;;yes;;;;;;;;;;;;;;;;;
Tanygnathus sumatranus;Parrots of the World;;single, pair;15;;;;;;;;;;;;;;;;;;;
Touit batavicus;Parrots of the World;;flocks;40+;;;;pair, family;;;;;;;;;;;;;;;
Touit dilectissimus;Parrots of the World;;pair;15;;;;;;;;;;;;;;;;;;;
Touit huetii;Parrots of the World;;flocks;50+;;yes;;;;;;;;;;;;;;;;;
Touit melanonotus;Parrots of the World;;small;20;;;;;;;;;;;;;;;;;;;
Touit purpuratus;Parrots of the World;;pair;15;large;;;;;;;;;;;;;;;;;;
Touit stictopterus;Parrots of the World;;pair;10;large;;;;;;;;;;;;;;;;;;
Touit surdus;Parrots of the World;;pair;15;;;;;;;;;;;;;;;;;;;
Trichoglossus capistratus;;;;;;;;;;;;;;;;;;;;;;;
Trichoglossus chlorolepidotus;Parrots of the World;;pair;10;;yes;;;;;;;;;;;;;;;;;
Trichoglossus euteles;Parrots of the World;;small;100+;;;;;;;;;;;;;;;;;;;
Trichoglossus flavoviridis;Parrots of the World;;small;;;;;;;;;;;;;;;;;;;;
Trichoglossus forsteni;;;;;;;;;;;;;;;;;;;;;;;
Trichoglossus haematodus;Parrots of the World;;pair;hundreds;;yes;;;;;;;;;;;;;;;;;
Trichoglossus johnstoniae;Parrots of the World;;single, pair;30;;;;;;;;;;;;;;;;;;;
Trichoglossus ornatus;Parrots of the World;;pair;small;large;;;;;;;;;;;;;;;;;;
Trichoglossus rubiginosus;Parrots of the World;;pair;10;;;;;;;;;;;;;;;;;;;
Trichoglossus rubritorquis;;;;;;;;;;;;;;;;;;;;;;;
Trichoglossus weberi;;;;;;;;;;;;;;;;;;;;;;;
Triclaria malachitacea;Parrots of the World;;pair;small;;;;;;;;;;;;;;;;;;;
Vini australis;Parrots of the World;;small;10+;;;;pairs;;;;;;;;;;;;;;;
Vini kuhlii;Parrots of the World;;pair;small;;;;;;;;;;;;;;;;;;;
Vini peruviana;Parrots of the World;;single, pair;4;;;;;;;;;;;;;;;;;;;
Vini stepheni;Parrots of the World;;small;;;;;;;;;;;;;;;;;;;;
Vini ultramarina;Parrots of the World;;single;pair;6;;;;;;;;;;;;;;;;;;
;;;;;;;;;;;;;;;;;;;;;;;
Eos bornea;Smiet 1985;;groups;30;;;;;;;;;;;;;;;;;;;
;;;;;;;;;;;;;;;;;;;;;;;
Chalcopsitta sintillata;IUCN;1;;;;;;;;;;;;;;;;;;;;;
Trichoglossus johnstoniae;IUCN;1;;;;;;;;;;;;;;;;;;;;;
Lorius chlorocercus;IUCN;1;;;;;;;;;;;;;;;;;;;;;
Vini australis;IUCN;1;;;;;;;;;;;;;;;;;;;;;
Vini kuhlii;IUCN;1;;;;;;;;;;;;;;;;;;;;;
Vini peruviana;IUCN;1;;;;;;;;;;;;;;;;;;;;;
Vini ultramarina;IUCN;1;;;;;;;;;;;;;;;;;;;;;
Charmosyna palmarum;IUCN;1;;;;;;;;;;;;;;;;;;;;;
Charmosyna diadema;IUCN;1;;;;;;;;;;;;;;;;;;;;;
Prosopeia personata;IUCN;1;;;;;;;;;;;;;;;;;;;;;
Pezoporus occidentalis;IUCN;0;;;;;;;;;;;;;;;;;;;;;
Prioniturus discurus;IUCN;1;;;;;;;;;;;;;;;;;;;;;
Prioniturus luconensis;IUCN;1;;;;;;;;;;;;;;;;;;;;;
Psittacula calthropae;IUCN;1;;;;;;;;;;;;;;;;;;;;;
Aratinga mitrata;IUCN;0;;;;;;;;;;;;;;;;;;;;;
Psittacara wagleri;IUCN;0;;;;;;;;;;;;;;;;;;;;;
Forpus modestus;IUCN;0;;;;;;;;;;;;;;;;;;;;;
Aratinga cactorum;IUCN;0;;;;;;;;;;;;;;;;;;;;;
Charmosyna amabilis;IUCN;1;;;;;;;;;;;;;;;;;;;;;
Eunymphicus cornutus;IUCN;1;;;;;;;;;;;;;;;;;;;;;
Pyrilia pulchra;IUCN;0;;;;;;;;;;;;;;;;;;;;;
Pyrilia vulturina;IUCN;0;;;;;;;;;;;;;;;;;;;;;
Nestor productus;IUCN;1;;;;;;;;;;;;;;;;;;;;;
Cyanoramphus ulietanus;IUCN;1;;;;;;;;;;;;;;;;;;;;;
Cyanoramphus zealandicus;IUCN;1;;;;;;;;;;;;;;;;;;;;;
Psephotellus pulcherrimus;IUCN;0;;;;;;;;;;;;;;;;;;;;;
Psittacula exsul;BotW;1;;;;;;;;;;;;;;;;;;;;;
Psittacula wardi;IUCN;1;;;;;;;;;;;;;;;;;;;;;
Ara tricolor;IUCN;1;;;;;;;;;;;;;;;;;;;;;
Conuropsis carolinensis;IUCN;0;;;;;;;;;;;;;;;;;;;;;
Psittacara erythrogenys;IUCN;0;;;;;;;;;;;;;;;;;;;;;
Lophopsittacus mauritianus;IUCN;1;;;;;;;;;;;;;;;;;;;;;
Mascarinus mascarin;IUCN;1;;;;;;;;;;;;;;;;;;;;;
Necropsittacus rodricanus;IUCN;1;;;;;;;;;;;;;;;;;;;;;
Psittacara rubritorquis;IUCN;0;;;;;;;;;;;;;;;;;;;;;
Psittacara frontatus;IUCN;0;;;;;;;;;;;;;;;;;;;;;
Psittacara labati;IUCN;1;;;;;;;;;;;;;;;;;;;;;